REGION,FUEL,YEAR,VALUE
GLOBAL,AGRDSLCOLXX,2022,28.98308815
GLOBAL,AGRDSLCOLXX,2023,29.27291903
GLOBAL,AGRDSLCOLXX,2024,32.38005362
GLOBAL,AGRDSLCOLXX,2025,35.81699082
GLOBAL,AGRDSLCOLXX,2026,39.61873711
GLOBAL,AGRDSLCOLXX,2027,43.82401463
GLOBAL,AGRDSLCOLXX,2028,48.47565567
GLOBAL,AGRDSLCOLXX,2029,53.62103889
GLOBAL,AGRDSLCOLXX,2030,59.31257189
GLOBAL,AGRDSLCOLXX,2031,65.608225
GLOBAL,AGRDSLCOLXX,2032,72.57212173
GLOBAL,AGRDSLCOLXX,2033,80.27519191
GLOBAL,AGRDSLCOLXX,2034,88.7958941
GLOBAL,AGRDSLCOLXX,2035,98.22101476
GLOBAL,AGRDSLCOLXX,2036,108.6465522
GLOBAL,AGRDSLCOLXX,2037,120.1786942
GLOBAL,AGRDSLCOLXX,2038,132.9348999
GLOBAL,AGRDSLCOLXX,2039,147.045096
GLOBAL,AGRDSLCOLXX,2040,162.6529997
GLOBAL,AGRDSLCOLXX,2041,179.9175835
GLOBAL,AGRDSLCOLXX,2042,199.0146932
GLOBAL,AGRDSLCOLXX,2043,220.1388399
GLOBAL,AGRDSLCOLXX,2044,243.5051808
GLOBAL,AGRDSLCOLXX,2045,269.3517104
GLOBAL,AGRDSLCOLXX,2046,297.9416852
GLOBAL,AGRDSLCOLXX,2047,329.5663043
GLOBAL,AGRDSLCOLXX,2048,364.5476761
GLOBAL,AGRDSLCOLXX,2049,403.2420985
GLOBAL,AGRDSLCOLXX,2050,446.0436883
GLOBAL,AGRELCCOLXX02,2022,21.02005323
GLOBAL,AGRELCCOLXX02,2023,21.23025376
GLOBAL,AGRELCCOLXX02,2024,22.41721126
GLOBAL,AGRELCCOLXX02,2025,23.6705301
GLOBAL,AGRELCCOLXX02,2026,24.99392045
GLOBAL,AGRELCCOLXX02,2027,26.39129995
GLOBAL,AGRELCCOLXX02,2028,27.86680522
GLOBAL,AGRELCCOLXX02,2029,29.42480418
GLOBAL,AGRELCCOLXX02,2030,31.06990896
GLOBAL,AGRELCCOLXX02,2031,32.80698953
GLOBAL,AGRELCCOLXX02,2032,34.64118815
GLOBAL,AGRELCCOLXX02,2033,36.57793456
GLOBAL,AGRELCCOLXX02,2034,38.6229621
GLOBAL,AGRELCCOLXX02,2035,40.78232463
GLOBAL,AGRELCCOLXX02,2036,43.06241447
GLOBAL,AGRELCCOLXX02,2037,45.46998134
GLOBAL,AGRELCCOLXX02,2038,48.01215233
GLOBAL,AGRELCCOLXX02,2039,50.69645299
GLOBAL,AGRELCCOLXX02,2040,53.5308296
GLOBAL,AGRELCCOLXX02,2041,56.52367275
GLOBAL,AGRELCCOLXX02,2042,59.68384209
GLOBAL,AGRELCCOLXX02,2043,63.02069263
GLOBAL,AGRELCCOLXX02,2044,66.5441024
GLOBAL,AGRELCCOLXX02,2045,70.2645017
GLOBAL,AGRELCCOLXX02,2046,74.19290397
GLOBAL,AGRELCCOLXX02,2047,78.34093839
GLOBAL,AGRELCCOLXX02,2048,82.72088435
GLOBAL,AGRELCCOLXX02,2049,87.34570771
GLOBAL,AGRELCCOLXX02,2050,92.2290993
GLOBAL,AGRGSLCOLXX,2022,0.787656969
GLOBAL,AGRGSLCOLXX,2023,0.795533539
GLOBAL,AGRGSLCOLXX,2024,0.800669609
GLOBAL,AGRGSLCOLXX,2025,0.805838839
GLOBAL,AGRGSLCOLXX,2026,0.811041442
GLOBAL,AGRGSLCOLXX,2027,0.816277634
GLOBAL,AGRGSLCOLXX,2028,0.821547631
GLOBAL,AGRGSLCOLXX,2029,0.826851652
GLOBAL,AGRGSLCOLXX,2030,0.832189917
GLOBAL,AGRGSLCOLXX,2031,0.837562646
GLOBAL,AGRGSLCOLXX,2032,0.842970062
GLOBAL,AGRGSLCOLXX,2033,0.848412389
GLOBAL,AGRGSLCOLXX,2034,0.853889853
GLOBAL,AGRGSLCOLXX,2035,0.85940268
GLOBAL,AGRGSLCOLXX,2036,0.864951098
GLOBAL,AGRGSLCOLXX,2037,0.870535338
GLOBAL,AGRGSLCOLXX,2038,0.87615563
GLOBAL,AGRGSLCOLXX,2039,0.881812208
GLOBAL,AGRGSLCOLXX,2040,0.887505305
GLOBAL,AGRGSLCOLXX,2041,0.893235157
GLOBAL,AGRGSLCOLXX,2042,0.899002003
GLOBAL,AGRGSLCOLXX,2043,0.90480608
GLOBAL,AGRGSLCOLXX,2044,0.910647628
GLOBAL,AGRGSLCOLXX,2045,0.916526891
GLOBAL,AGRGSLCOLXX,2046,0.922444111
GLOBAL,AGRGSLCOLXX,2047,0.928399533
GLOBAL,AGRGSLCOLXX,2048,0.934393404
GLOBAL,AGRGSLCOLXX,2049,0.940425973
GLOBAL,AGRGSLCOLXX,2050,0.946497488
GLOBAL,AGRNGSCOLXX,2022,10.02237696
GLOBAL,AGRNGSCOLXX,2023,10.34309302
GLOBAL,AGRNGSCOLXX,2024,10.53039181
GLOBAL,AGRNGSCOLXX,2025,10.72108231
GLOBAL,AGRNGSCOLXX,2026,10.91522594
GLOBAL,AGRNGSCOLXX,2027,11.11288525
GLOBAL,AGRNGSCOLXX,2028,11.31412388
GLOBAL,AGRNGSCOLXX,2029,11.51900666
GLOBAL,AGRNGSCOLXX,2030,11.72759958
GLOBAL,AGRNGSCOLXX,2031,11.93996982
GLOBAL,AGRNGSCOLXX,2032,12.15618578
GLOBAL,AGRNGSCOLXX,2033,12.37631711
GLOBAL,AGRNGSCOLXX,2034,12.60043471
GLOBAL,AGRNGSCOLXX,2035,12.82861076
GLOBAL,AGRNGSCOLXX,2036,13.06091875
GLOBAL,AGRNGSCOLXX,2037,13.29743352
GLOBAL,AGRNGSCOLXX,2038,13.53823123
GLOBAL,AGRNGSCOLXX,2039,13.78338945
GLOBAL,AGRNGSCOLXX,2040,14.03298713
GLOBAL,AGRNGSCOLXX,2041,14.28710468
GLOBAL,AGRNGSCOLXX,2042,14.54582394
GLOBAL,AGRNGSCOLXX,2043,14.80922823
GLOBAL,AGRNGSCOLXX,2044,15.07740241
GLOBAL,AGRNGSCOLXX,2045,15.35043284
GLOBAL,AGRNGSCOLXX,2046,15.62840747
GLOBAL,AGRNGSCOLXX,2047,15.91141582
GLOBAL,AGRNGSCOLXX,2048,16.19954905
GLOBAL,AGRNGSCOLXX,2049,16.49289997
GLOBAL,AGRNGSCOLXX,2050,16.79156306
GLOBAL,COMLPGCOLXX,2022,5.031490916
GLOBAL,COMLPGCOLXX,2023,6.11764563
GLOBAL,COMLPGCOLXX,2024,6.596899161
GLOBAL,COMLPGCOLXX,2025,7.113697192
GLOBAL,COMLPGCOLXX,2026,7.670980941
GLOBAL,COMLPGCOLXX,2027,8.271922042
GLOBAL,COMLPGCOLXX,2028,8.919940591
GLOBAL,COMLPGCOLXX,2029,9.618724613
GLOBAL,COMLPGCOLXX,2030,10.37225105
GLOBAL,COMLPGCOLXX,2031,11.18480841
GLOBAL,COMLPGCOLXX,2032,12.06102113
GLOBAL,COMLPGCOLXX,2033,13.00587594
GLOBAL,COMLPGCOLXX,2034,14.02475025
GLOBAL,COMLPGCOLXX,2035,15.12344271
GLOBAL,COMLPGCOLXX,2036,16.30820622
GLOBAL,COMLPGCOLXX,2037,17.58578355
GLOBAL,COMLPGCOLXX,2038,18.96344571
GLOBAL,COMLPGCOLXX,2039,20.44903328
GLOBAL,COMLPGCOLXX,2040,22.05100109
GLOBAL,COMLPGCOLXX,2041,23.77846632
GLOBAL,COMLPGCOLXX,2042,25.64126038
GLOBAL,COMLPGCOLXX,2043,27.64998486
GLOBAL,COMLPGCOLXX,2044,29.8160719
GLOBAL,COMLPGCOLXX,2045,32.15184919
GLOBAL,COMLPGCOLXX,2046,34.67061019
GLOBAL,COMLPGCOLXX,2047,37.38668976
GLOBAL,COMLPGCOLXX,2048,40.31554576
GLOBAL,COMLPGCOLXX,2049,43.47384697
GLOBAL,COMLPGCOLXX,2050,46.87956805
GLOBAL,COMELCCOLXX02,2022,59.45780912
GLOBAL,COMELCCOLXX02,2023,60.05238721
GLOBAL,COMELCCOLXX02,2024,62.9984938
GLOBAL,COMELCCOLXX02,2025,66.08913327
GLOBAL,COMELCCOLXX02,2026,69.33139625
GLOBAL,COMELCCOLXX02,2027,72.73272121
GLOBAL,COMELCCOLXX02,2028,76.30091158
GLOBAL,COMELCCOLXX02,2029,80.0441536
GLOBAL,COMELCCOLXX02,2030,83.97103511
GLOBAL,COMELCCOLXX02,2031,88.09056527
GLOBAL,COMELCCOLXX02,2032,92.41219523
GLOBAL,COMELCCOLXX02,2033,96.94583978
GLOBAL,COMELCCOLXX02,2034,101.7019001
GLOBAL,COMELCCOLXX02,2035,106.6912878
GLOBAL,COMELCCOLXX02,2036,111.9254495
GLOBAL,COMELCCOLXX02,2037,117.4163937
GLOBAL,COMELCCOLXX02,2038,123.1767178
GLOBAL,COMELCCOLXX02,2039,129.2196372
GLOBAL,COMELCCOLXX02,2040,135.559016
GLOBAL,COMELCCOLXX02,2041,142.2093979
GLOBAL,COMELCCOLXX02,2042,149.1860405
GLOBAL,COMELCCOLXX02,2043,156.5049499
GLOBAL,COMELCCOLXX02,2044,164.1829172
GLOBAL,COMELCCOLXX02,2045,172.2375574
GLOBAL,COMELCCOLXX02,2046,180.6873498
GLOBAL,COMELCCOLXX02,2047,189.5516801
GLOBAL,COMELCCOLXX02,2048,198.850885
GLOBAL,COMELCCOLXX02,2049,208.6062991
GLOBAL,COMELCCOLXX02,2050,218.8403035
GLOBAL,COMNGSCOLXX,2022,17.05724349
GLOBAL,COMNGSCOLXX,2023,17.60307528
GLOBAL,COMNGSCOLXX,2024,18.39966295
GLOBAL,COMNGSCOLXX,2025,19.2322984
GLOBAL,COMNGSCOLXX,2026,20.10261291
GLOBAL,COMNGSCOLXX,2027,21.01231154
GLOBAL,COMNGSCOLXX,2028,21.96317655
GLOBAL,COMNGSCOLXX,2029,22.95707081
GLOBAL,COMNGSCOLXX,2030,23.99594153
GLOBAL,COMNGSCOLXX,2031,25.08182402
GLOBAL,COMNGSCOLXX,2032,26.21684568
GLOBAL,COMNGSCOLXX,2033,27.40323019
GLOBAL,COMNGSCOLXX,2034,28.64330188
GLOBAL,COMNGSCOLXX,2035,29.93949022
GLOBAL,COMNGSCOLXX,2036,31.29433467
GLOBAL,COMNGSCOLXX,2037,32.71048955
GLOBAL,COMNGSCOLXX,2038,34.19072935
GLOBAL,COMNGSCOLXX,2039,35.73795408
GLOBAL,COMNGSCOLXX,2040,37.35519499
GLOBAL,COMNGSCOLXX,2041,39.04562051
GLOBAL,COMNGSCOLXX,2042,40.81254244
GLOBAL,COMNGSCOLXX,2043,42.65942246
GLOBAL,COMNGSCOLXX,2044,44.58987889
GLOBAL,COMNGSCOLXX,2045,46.60769379
GLOBAL,COMNGSCOLXX,2046,48.71682038
GLOBAL,COMNGSCOLXX,2047,50.92139076
GLOBAL,COMNGSCOLXX,2048,53.22572402
GLOBAL,COMNGSCOLXX,2049,55.63433472
GLOBAL,COMNGSCOLXX,2050,58.15194168
GLOBAL,INDLPGCOLXX,2022,9.017076125
GLOBAL,INDLPGCOLXX,2023,10.96360448
GLOBAL,INDLPGCOLXX,2024,11.98283358
GLOBAL,INDLPGCOLXX,2025,13.09681509
GLOBAL,INDLPGCOLXX,2026,14.31435764
GLOBAL,INDLPGCOLXX,2027,15.64508878
GLOBAL,INDLPGCOLXX,2028,17.09953104
GLOBAL,INDLPGCOLXX,2029,18.68918521
GLOBAL,INDLPGCOLXX,2030,20.42662124
GLOBAL,INDLPGCOLXX,2031,22.32557762
GLOBAL,INDLPGCOLXX,2032,24.40107007
GLOBAL,INDLPGCOLXX,2033,26.66951023
GLOBAL,INDLPGCOLXX,2034,29.14883543
GLOBAL,INDLPGCOLXX,2035,31.85865055
GLOBAL,INDLPGCOLXX,2036,34.82038304
GLOBAL,INDLPGCOLXX,2037,38.05745235
GLOBAL,INDLPGCOLXX,2038,41.5954551
GLOBAL,INDLPGCOLXX,2039,45.46236751
GLOBAL,INDLPGCOLXX,2040,49.68876658
GLOBAL,INDLPGCOLXX,2041,54.30807192
GLOBAL,INDLPGCOLXX,2042,59.35680998
GLOBAL,INDLPGCOLXX,2043,64.87490286
GLOBAL,INDLPGCOLXX,2044,70.90598405
GLOBAL,INDLPGCOLXX,2045,77.49774338
GLOBAL,INDLPGCOLXX,2046,84.70230418
GLOBAL,INDLPGCOLXX,2047,92.5766354
GLOBAL,INDLPGCOLXX,2048,101.1830021
GLOBAL,INDLPGCOLXX,2049,110.5894578
GLOBAL,INDLPGCOLXX,2050,120.8703826
GLOBAL,INDBAGCOLXX,2022,35.606432
GLOBAL,INDBAGCOLXX,2023,43.29284039
GLOBAL,INDBAGCOLXX,2024,44.69979272
GLOBAL,INDBAGCOLXX,2025,46.15246888
GLOBAL,INDBAGCOLXX,2026,47.65235484
GLOBAL,INDBAGCOLXX,2027,49.20098485
GLOBAL,INDBAGCOLXX,2028,50.799943
GLOBAL,INDBAGCOLXX,2029,52.45086489
GLOBAL,INDBAGCOLXX,2030,54.15543927
GLOBAL,INDBAGCOLXX,2031,55.91540975
GLOBAL,INDBAGCOLXX,2032,57.73257664
GLOBAL,INDBAGCOLXX,2033,59.60879872
GLOBAL,INDBAGCOLXX,2034,61.5459952
GLOBAL,INDBAGCOLXX,2035,63.54614766
GLOBAL,INDBAGCOLXX,2036,65.61130207
GLOBAL,INDBAGCOLXX,2037,67.7435709
GLOBAL,INDBAGCOLXX,2038,69.94513526
GLOBAL,INDBAGCOLXX,2039,72.21824717
GLOBAL,INDBAGCOLXX,2040,74.5652318
GLOBAL,INDBAGCOLXX,2041,76.9884899
GLOBAL,INDBAGCOLXX,2042,79.49050026
GLOBAL,INDBAGCOLXX,2043,82.0738222
GLOBAL,INDBAGCOLXX,2044,84.74109822
GLOBAL,INDBAGCOLXX,2045,87.49505671
GLOBAL,INDBAGCOLXX,2046,90.33851471
GLOBAL,INDBAGCOLXX,2047,93.27438084
GLOBAL,INDBAGCOLXX,2048,96.3056582
GLOBAL,INDBAGCOLXX,2049,99.43544753
GLOBAL,INDBAGCOLXX,2050,102.6669503
GLOBAL,INDCOACOLXX,2022,102.8039494
GLOBAL,INDCOACOLXX,2023,103.8319889
GLOBAL,INDCOACOLXX,2024,104.0929196
GLOBAL,INDCOACOLXX,2025,104.3545061
GLOBAL,INDCOACOLXX,2026,104.6167499
GLOBAL,INDCOACOLXX,2027,104.8796528
GLOBAL,INDCOACOLXX,2028,105.1432163
GLOBAL,INDCOACOLXX,2029,105.4074422
GLOBAL,INDCOACOLXX,2030,105.6723321
GLOBAL,INDCOACOLXX,2031,105.9378876
GLOBAL,INDCOACOLXX,2032,106.2041105
GLOBAL,INDCOACOLXX,2033,106.4710024
GLOBAL,INDCOACOLXX,2034,106.7385651
GLOBAL,INDCOACOLXX,2035,107.0068001
GLOBAL,INDCOACOLXX,2036,107.2757091
GLOBAL,INDCOACOLXX,2037,107.545294
GLOBAL,INDCOACOLXX,2038,107.8155563
GLOBAL,INDCOACOLXX,2039,108.0864978
GLOBAL,INDCOACOLXX,2040,108.3581202
GLOBAL,INDCOACOLXX,2041,108.6304251
GLOBAL,INDCOACOLXX,2042,108.9034144
GLOBAL,INDCOACOLXX,2043,109.1770897
GLOBAL,INDCOACOLXX,2044,109.4514527
GLOBAL,INDCOACOLXX,2045,109.7265052
GLOBAL,INDCOACOLXX,2046,110.002249
GLOBAL,INDCOACOLXX,2047,110.2786856
GLOBAL,INDCOACOLXX,2048,110.555817
GLOBAL,INDCOACOLXX,2049,110.8336448
GLOBAL,INDCOACOLXX,2050,111.1121708
GLOBAL,INDCOKCOLXX,2022,1.8732
GLOBAL,INDCOKCOLXX,2023,1.8732
GLOBAL,INDCOKCOLXX,2024,1.526841009
GLOBAL,INDCOKCOLXX,2025,1.244524592
GLOBAL,INDCOKCOLXX,2026,1.014409131
GLOBAL,INDCOKCOLXX,2027,0.826842548
GLOBAL,INDCOKCOLXX,2028,0.673957458
GLOBAL,INDCOKCOLXX,2029,0.549341173
GLOBAL,INDCOKCOLXX,2030,0.447766725
GLOBAL,INDCOKCOLXX,2031,0.364973627
GLOBAL,INDCOKCOLXX,2032,0.297489164
GLOBAL,INDCOKCOLXX,2033,0.242482733
GLOBAL,INDCOKCOLXX,2034,0.197647117
GLOBAL,INDCOKCOLXX,2035,0.16110171
GLOBAL,INDCOKCOLXX,2036,0.131313633
GLOBAL,INDCOKCOLXX,2037,0.10703344
GLOBAL,INDCOKCOLXX,2038,0.087242711
GLOBAL,INDCOKCOLXX,2039,0.071111333
GLOBAL,INDCOKCOLXX,2040,0.057962684
GLOBAL,INDCOKCOLXX,2041,0.04724525
GLOBAL,INDCOKCOLXX,2042,0.038509495
GLOBAL,INDCOKCOLXX,2043,0.031389
GLOBAL,INDCOKCOLXX,2044,0.025585102
GLOBAL,INDCOKCOLXX,2045,0.020854358
GLOBAL,INDCOKCOLXX,2046,0.016998339
GLOBAL,INDCOKCOLXX,2047,0.013855307
GLOBAL,INDCOKCOLXX,2048,0.011293429
GLOBAL,INDCOKCOLXX,2049,0.009205248
GLOBAL,INDCOKCOLXX,2050,0.007503176
GLOBAL,INDDSLCOLXX,2022,2.984564105
GLOBAL,INDDSLCOLXX,2023,3.014409746
GLOBAL,INDDSLCOLXX,2024,2.962849171
GLOBAL,INDDSLCOLXX,2025,2.912170524
GLOBAL,INDDSLCOLXX,2026,2.862358719
GLOBAL,INDDSLCOLXX,2027,2.813398931
GLOBAL,INDDSLCOLXX,2028,2.765276586
GLOBAL,INDDSLCOLXX,2029,2.717977358
GLOBAL,INDDSLCOLXX,2030,2.67148717
GLOBAL,INDDSLCOLXX,2031,2.625792182
GLOBAL,INDDSLCOLXX,2032,2.580878794
GLOBAL,INDDSLCOLXX,2033,2.536733636
GLOBAL,INDDSLCOLXX,2034,2.493343567
GLOBAL,INDDSLCOLXX,2035,2.450695672
GLOBAL,INDDSLCOLXX,2036,2.408777257
GLOBAL,INDDSLCOLXX,2037,2.367575844
GLOBAL,INDDSLCOLXX,2038,2.327079169
GLOBAL,INDDSLCOLXX,2039,2.287275177
GLOBAL,INDDSLCOLXX,2040,2.24815202
GLOBAL,INDDSLCOLXX,2041,2.209698054
GLOBAL,INDDSLCOLXX,2042,2.171901831
GLOBAL,INDDSLCOLXX,2043,2.134752101
GLOBAL,INDDSLCOLXX,2044,2.098237806
GLOBAL,INDDSLCOLXX,2045,2.062348077
GLOBAL,INDDSLCOLXX,2046,2.027072231
GLOBAL,INDDSLCOLXX,2047,1.992399768
GLOBAL,INDDSLCOLXX,2048,1.958320367
GLOBAL,INDDSLCOLXX,2049,1.924823884
GLOBAL,INDDSLCOLXX,2050,1.891900348
GLOBAL,INDELCCOLXX02,2022,72.96476265
GLOBAL,INDELCCOLXX02,2023,73.69441028
GLOBAL,INDELCCOLXX02,2024,76.62621567
GLOBAL,INDELCCOLXX02,2025,79.6746579
GLOBAL,INDELCCOLXX02,2026,82.84437716
GLOBAL,INDELCCOLXX02,2027,86.14019825
GLOBAL,INDELCCOLXX02,2028,89.56713792
GLOBAL,INDELCCOLXX02,2029,93.13041249
GLOBAL,INDELCCOLXX02,2030,96.83544581
GLOBAL,INDELCCOLXX02,2031,100.6878775
GLOBAL,INDELCCOLXX02,2032,104.6935716
GLOBAL,INDELCCOLXX02,2033,108.8586253
GLOBAL,INDELCCOLXX02,2034,113.1893785
GLOBAL,INDELCCOLXX02,2035,117.6924233
GLOBAL,INDELCCOLXX02,2036,122.374614
GLOBAL,INDELCCOLXX02,2037,127.2430776
GLOBAL,INDELCCOLXX02,2038,132.3052246
GLOBAL,INDELCCOLXX02,2039,137.5687605
GLOBAL,INDELCCOLXX02,2040,143.0416971
GLOBAL,INDELCCOLXX02,2041,148.732365
GLOBAL,INDELCCOLXX02,2042,154.6494264
GLOBAL,INDELCCOLXX02,2043,160.8018879
GLOBAL,INDELCCOLXX02,2044,167.1991145
GLOBAL,INDELCCOLXX02,2045,173.8508438
GLOBAL,INDELCCOLXX02,2046,180.7672007
GLOBAL,INDELCCOLXX02,2047,187.9587129
GLOBAL,INDELCCOLXX02,2048,195.4363271
GLOBAL,INDELCCOLXX02,2049,203.2114254
GLOBAL,INDELCCOLXX02,2050,211.2958425
GLOBAL,INDFOICOLXX,2022,0.39894
GLOBAL,INDFOICOLXX,2023,0.4069188
GLOBAL,INDFOICOLXX,2024,0.344989537
GLOBAL,INDFOICOLXX,2025,0.292485334
GLOBAL,INDFOICOLXX,2026,0.247971782
GLOBAL,INDFOICOLXX,2027,0.21023278
GLOBAL,INDFOICOLXX,2028,0.178237303
GLOBAL,INDFOICOLXX,2029,0.15111124
GLOBAL,INDFOICOLXX,2030,0.128113513
GLOBAL,INDFOICOLXX,2031,0.108615826
GLOBAL,INDFOICOLXX,2032,0.092085506
GLOBAL,INDFOICOLXX,2033,0.078070947
GLOBAL,INDFOICOLXX,2034,0.066189274
GLOBAL,INDFOICOLXX,2035,0.056115881
GLOBAL,INDFOICOLXX,2036,0.047575565
GLOBAL,INDFOICOLXX,2037,0.040335006
GLOBAL,INDFOICOLXX,2038,0.034196393
GLOBAL,INDFOICOLXX,2039,0.028992019
GLOBAL,INDFOICOLXX,2040,0.024579703
GLOBAL,INDFOICOLXX,2041,0.020838901
GLOBAL,INDFOICOLXX,2042,0.017667413
GLOBAL,INDFOICOLXX,2043,0.014978597
GLOBAL,INDFOICOLXX,2044,0.012698994
GLOBAL,INDFOICOLXX,2045,0.010766325
GLOBAL,INDFOICOLXX,2046,0.00912779
GLOBAL,INDFOICOLXX,2047,0.007738625
GLOBAL,INDFOICOLXX,2048,0.006560878
GLOBAL,INDFOICOLXX,2049,0.005562374
GLOBAL,INDFOICOLXX,2050,0.004715832
GLOBAL,INDGSLCOLXX,2022,0.366122
GLOBAL,INDGSLCOLXX,2023,0.36978322
GLOBAL,INDGSLCOLXX,2024,0.36553655
GLOBAL,INDGSLCOLXX,2025,0.361338649
GLOBAL,INDGSLCOLXX,2026,0.357188958
GLOBAL,INDGSLCOLXX,2027,0.353086923
GLOBAL,INDGSLCOLXX,2028,0.349031997
GLOBAL,INDGSLCOLXX,2029,0.345023638
GLOBAL,INDGSLCOLXX,2030,0.341061312
GLOBAL,INDGSLCOLXX,2031,0.337144491
GLOBAL,INDGSLCOLXX,2032,0.333272651
GLOBAL,INDGSLCOLXX,2033,0.329445276
GLOBAL,INDGSLCOLXX,2034,0.325661855
GLOBAL,INDGSLCOLXX,2035,0.321921884
GLOBAL,INDGSLCOLXX,2036,0.318224864
GLOBAL,INDGSLCOLXX,2037,0.314570301
GLOBAL,INDGSLCOLXX,2038,0.310957708
GLOBAL,INDGSLCOLXX,2039,0.307386602
GLOBAL,INDGSLCOLXX,2040,0.303856508
GLOBAL,INDGSLCOLXX,2041,0.300366954
GLOBAL,INDGSLCOLXX,2042,0.296917476
GLOBAL,INDGSLCOLXX,2043,0.293507611
GLOBAL,INDGSLCOLXX,2044,0.290136907
GLOBAL,INDGSLCOLXX,2045,0.286804912
GLOBAL,INDGSLCOLXX,2046,0.283511182
GLOBAL,INDGSLCOLXX,2047,0.280255279
GLOBAL,INDGSLCOLXX,2048,0.277036767
GLOBAL,INDGSLCOLXX,2049,0.273855217
GLOBAL,INDGSLCOLXX,2050,0.270710204
GLOBAL,INDJFUCOLXX,2022,0.014119646
GLOBAL,INDJFUCOLXX,2023,0.017167673
GLOBAL,INDJFUCOLXX,2024,0.016645753
GLOBAL,INDJFUCOLXX,2025,0.016139699
GLOBAL,INDJFUCOLXX,2026,0.015649031
GLOBAL,INDJFUCOLXX,2027,0.015173279
GLOBAL,INDJFUCOLXX,2028,0.014711991
GLOBAL,INDJFUCOLXX,2029,0.014264726
GLOBAL,INDJFUCOLXX,2030,0.013831059
GLOBAL,INDJFUCOLXX,2031,0.013410576
GLOBAL,INDJFUCOLXX,2032,0.013002877
GLOBAL,INDJFUCOLXX,2033,0.012607572
GLOBAL,INDJFUCOLXX,2034,0.012224285
GLOBAL,INDJFUCOLXX,2035,0.01185265
GLOBAL,INDJFUCOLXX,2036,0.011492313
GLOBAL,INDJFUCOLXX,2037,0.011142931
GLOBAL,INDJFUCOLXX,2038,0.010804171
GLOBAL,INDJFUCOLXX,2039,0.01047571
GLOBAL,INDJFUCOLXX,2040,0.010157234
GLOBAL,INDJFUCOLXX,2041,0.00984844
GLOBAL,INDJFUCOLXX,2042,0.009549035
GLOBAL,INDJFUCOLXX,2043,0.009258731
GLOBAL,INDJFUCOLXX,2044,0.008977253
GLOBAL,INDJFUCOLXX,2045,0.008704332
GLOBAL,INDJFUCOLXX,2046,0.008439709
GLOBAL,INDJFUCOLXX,2047,0.00818313
GLOBAL,INDJFUCOLXX,2048,0.007934352
GLOBAL,INDJFUCOLXX,2049,0.007693137
GLOBAL,INDJFUCOLXX,2050,0.007459255
GLOBAL,INDNGSCOLXX,2022,106.8231741
GLOBAL,INDNGSCOLXX,2023,110.2415157
GLOBAL,INDNGSCOLXX,2024,115.8837216
GLOBAL,INDNGSCOLXX,2025,121.8146979
GLOBAL,INDNGSCOLXX,2026,128.0492241
GLOBAL,INDNGSCOLXX,2027,134.6028358
GLOBAL,INDNGSCOLXX,2028,141.491864
GLOBAL,INDNGSCOLXX,2029,148.7334756
GLOBAL,INDNGSCOLXX,2030,156.3457158
GLOBAL,INDNGSCOLXX,2031,164.3475536
GLOBAL,INDNGSCOLXX,2032,172.7589287
GLOBAL,INDNGSCOLXX,2033,181.6008014
GLOBAL,INDNGSCOLXX,2034,190.8952048
GLOBAL,INDNGSCOLXX,2035,200.6652995
GLOBAL,INDNGSCOLXX,2036,210.9354317
GLOBAL,INDNGSCOLXX,2037,221.7311935
GLOBAL,INDNGSCOLXX,2038,233.0794868
GLOBAL,INDNGSCOLXX,2039,245.0085904
GLOBAL,INDNGSCOLXX,2040,257.5482304
GLOBAL,INDNGSCOLXX,2041,270.7296543
GLOBAL,INDNGSCOLXX,2042,284.5857089
GLOBAL,INDNGSCOLXX,2043,299.150922
GLOBAL,INDNGSCOLXX,2044,314.4615887
GLOBAL,INDNGSCOLXX,2045,330.5558616
GLOBAL,INDNGSCOLXX,2046,347.473846
GLOBAL,INDNGSCOLXX,2047,365.2576998
GLOBAL,INDNGSCOLXX,2048,383.9517384
GLOBAL,INDNGSCOLXX,2049,403.6025457
GLOBAL,INDNGSCOLXX,2050,424.2590892
GLOBAL,INDPETCOLXX,2022,0.42944
GLOBAL,INDPETCOLXX,2023,0.528077243
GLOBAL,INDPETCOLXX,2024,0.488451681
GLOBAL,INDPETCOLXX,2025,0.45179952
GLOBAL,INDPETCOLXX,2026,0.417897644
GLOBAL,INDPETCOLXX,2027,0.386539677
GLOBAL,INDPETCOLXX,2028,0.357534731
GLOBAL,INDPETCOLXX,2029,0.330706242
GLOBAL,INDPETCOLXX,2030,0.305890894
GLOBAL,INDPETCOLXX,2031,0.282937626
GLOBAL,INDPETCOLXX,2032,0.261706713
GLOBAL,INDPETCOLXX,2033,0.242068912
GLOBAL,INDPETCOLXX,2034,0.223904682
GLOBAL,INDPETCOLXX,2035,0.207103449
GLOBAL,INDPETCOLXX,2036,0.191562938
GLOBAL,INDPETCOLXX,2037,0.177188547
GLOBAL,INDPETCOLXX,2038,0.163892773
GLOBAL,INDPETCOLXX,2039,0.151594679
GLOBAL,INDPETCOLXX,2040,0.140219404
GLOBAL,INDPETCOLXX,2041,0.129697699
GLOBAL,INDPETCOLXX,2042,0.119965517
GLOBAL,INDPETCOLXX,2043,0.110963612
GLOBAL,INDPETCOLXX,2044,0.102637187
GLOBAL,INDPETCOLXX,2045,0.094935556
GLOBAL,INDPETCOLXX,2046,0.087811836
GLOBAL,INDPETCOLXX,2047,0.081222661
GLOBAL,INDPETCOLXX,2048,0.075127921
GLOBAL,INDPETCOLXX,2049,0.069490514
GLOBAL,INDPETCOLXX,2050,0.064276124
GLOBAL,OTHLPGCOLXX,2022,8.362955078
GLOBAL,OTHLPGCOLXX,2023,10.16827744
GLOBAL,OTHLPGCOLXX,2024,10.63808236
GLOBAL,OTHLPGCOLXX,2025,11.12959368
GLOBAL,OTHLPGCOLXX,2026,11.64381429
GLOBAL,OTHLPGCOLXX,2027,12.18179343
GLOBAL,OTHLPGCOLXX,2028,12.74462883
GLOBAL,OTHLPGCOLXX,2029,13.33346891
GLOBAL,OTHLPGCOLXX,2030,13.94951517
GLOBAL,OTHLPGCOLXX,2031,14.59402461
GLOBAL,OTHLPGCOLXX,2032,15.26831232
GLOBAL,OTHLPGCOLXX,2033,15.97375415
GLOBAL,OTHLPGCOLXX,2034,16.71178951
GLOBAL,OTHLPGCOLXX,2035,17.48392431
GLOBAL,OTHLPGCOLXX,2036,18.29173405
GLOBAL,OTHLPGCOLXX,2037,19.13686703
GLOBAL,OTHLPGCOLXX,2038,20.02104769
GLOBAL,OTHLPGCOLXX,2039,20.94608015
GLOBAL,OTHLPGCOLXX,2040,21.91385188
GLOBAL,OTHLPGCOLXX,2041,22.92633757
GLOBAL,OTHLPGCOLXX,2042,23.98560313
GLOBAL,OTHLPGCOLXX,2043,25.09380994
GLOBAL,OTHLPGCOLXX,2044,26.25321923
GLOBAL,OTHLPGCOLXX,2045,27.46619671
GLOBAL,OTHLPGCOLXX,2046,28.73521738
GLOBAL,OTHLPGCOLXX,2047,30.06287062
GLOBAL,OTHLPGCOLXX,2048,31.45186541
GLOBAL,OTHLPGCOLXX,2049,32.90503594
GLOBAL,OTHLPGCOLXX,2050,34.4253473
GLOBAL,OTHCOACOLXX,2022,3.129285204
GLOBAL,OTHCOACOLXX,2023,3.160578056
GLOBAL,OTHCOACOLXX,2024,3.394835666
GLOBAL,OTHCOACOLXX,2025,3.64645612
GLOBAL,OTHCOACOLXX,2026,3.91672633
GLOBAL,OTHCOACOLXX,2027,4.207028588
GLOBAL,OTHCOACOLXX,2028,4.518847642
GLOBAL,OTHCOACOLXX,2029,4.853778286
GLOBAL,OTHCOACOLXX,2030,5.21353352
GLOBAL,OTHCOACOLXX,2031,5.599953307
GLOBAL,OTHCOACOLXX,2032,6.015013986
GLOBAL,OTHCOACOLXX,2033,6.46083838
GLOBAL,OTHCOACOLXX,2034,6.939706652
GLOBAL,OTHCOACOLXX,2035,7.454067969
GLOBAL,OTHCOACOLXX,2036,8.006553024
GLOBAL,OTHCOACOLXX,2037,8.599987496
GLOBAL,OTHCOACOLXX,2038,9.237406498
GLOBAL,OTHCOACOLXX,2039,9.922070102
GLOBAL,OTHCOACOLXX,2040,10.65748001
GLOBAL,OTHCOACOLXX,2041,11.44739747
GLOBAL,OTHCOACOLXX,2042,12.2958625
GLOBAL,OTHCOACOLXX,2043,13.20721457
GLOBAL,OTHCOACOLXX,2044,14.18611478
GLOBAL,OTHCOACOLXX,2045,15.2375697
GLOBAL,OTHCOACOLXX,2046,16.36695698
GLOBAL,OTHCOACOLXX,2047,17.58005285
GLOBAL,OTHCOACOLXX,2048,18.8830617
GLOBAL,OTHCOACOLXX,2049,20.28264773
GLOBAL,OTHCOACOLXX,2050,21.78596911
GLOBAL,OTHDSLCOLXX,2022,3.70775202
GLOBAL,OTHDSLCOLXX,2023,3.74482954
GLOBAL,OTHDSLCOLXX,2024,3.982916431
GLOBAL,OTHDSLCOLXX,2025,4.236140291
GLOBAL,OTHDSLCOLXX,2026,4.50546349
GLOBAL,OTHDSLCOLXX,2027,4.791909584
GLOBAL,OTHDSLCOLXX,2028,5.096567204
GLOBAL,OTHDSLCOLXX,2029,5.420594193
GLOBAL,OTHDSLCOLXX,2030,5.765222008
GLOBAL,OTHDSLCOLXX,2031,6.131760396
GLOBAL,OTHDSLCOLXX,2032,6.521602378
GLOBAL,OTHDSLCOLXX,2033,6.936229537
GLOBAL,OTHDSLCOLXX,2034,7.377217654
GLOBAL,OTHDSLCOLXX,2035,7.846242691
GLOBAL,OTHDSLCOLXX,2036,8.345087167
GLOBAL,OTHDSLCOLXX,2037,8.875646926
GLOBAL,OTHDSLCOLXX,2038,9.439938347
GLOBAL,OTHDSLCOLXX,2039,10.040106
GLOBAL,OTHDSLCOLXX,2040,10.67843082
GLOBAL,OTHDSLCOLXX,2041,11.35733873
GLOBAL,OTHDSLCOLXX,2042,12.07940991
GLOBAL,OTHDSLCOLXX,2043,12.84738856
GLOBAL,OTHDSLCOLXX,2044,13.66419337
GLOBAL,OTHDSLCOLXX,2045,14.5329286
GLOBAL,OTHDSLCOLXX,2046,15.45689583
GLOBAL,OTHDSLCOLXX,2047,16.43960659
GLOBAL,OTHDSLCOLXX,2048,17.48479563
GLOBAL,OTHDSLCOLXX,2049,18.59643519
GLOBAL,OTHDSLCOLXX,2050,19.77875
GLOBAL,OTHELCCOLXX02,2022,20.25713689
GLOBAL,OTHELCCOLXX02,2023,20.45970826
GLOBAL,OTHELCCOLXX02,2024,23.82652997
GLOBAL,OTHELCCOLXX02,2025,27.74739127
GLOBAL,OTHELCCOLXX02,2026,32.31346417
GLOBAL,OTHELCCOLXX02,2027,37.63092379
GLOBAL,OTHELCCOLXX02,2028,43.82341733
GLOBAL,OTHELCCOLXX02,2029,51.03493916
GLOBAL,OTHELCCOLXX02,2030,59.43317919
GLOBAL,OTHELCCOLXX02,2031,69.21342216
GLOBAL,OTHELCCOLXX02,2032,80.60308859
GLOBAL,OTHELCCOLXX02,2033,93.867023
GLOBAL,OTHELCCOLXX02,2034,109.3136524
GLOBAL,OTHELCCOLXX02,2035,127.302158
GLOBAL,OTHELCCOLXX02,2036,148.2508277
GLOBAL,OTHELCCOLXX02,2037,172.6467818
GLOBAL,OTHELCCOLXX02,2038,201.057301
GLOBAL,OTHELCCOLXX02,2039,234.1430164
GLOBAL,OTHELCCOLXX02,2040,272.6732721
GLOBAL,OTHELCCOLXX02,2041,317.5440141
GLOBAL,OTHELCCOLXX02,2042,369.7986243
GLOBAL,OTHELCCOLXX02,2043,430.652182
GLOBAL,OTHELCCOLXX02,2044,501.5197181
GLOBAL,OTHELCCOLXX02,2045,584.0491194
GLOBAL,OTHELCCOLXX02,2046,680.1594466
GLOBAL,OTHELCCOLXX02,2047,792.0855582
GLOBAL,OTHELCCOLXX02,2048,922.4300781
GLOBAL,OTHELCCOLXX02,2049,1074.223915
GLOBAL,OTHELCCOLXX02,2050,1250.996738
GLOBAL,OTHFOICOLXX,2022,6.54713
GLOBAL,OTHFOICOLXX,2023,6.84175085
GLOBAL,OTHFOICOLXX,2024,8.393267573
GLOBAL,OTHFOICOLXX,2025,10.29662466
GLOBAL,OTHFOICOLXX,2026,12.63160963
GLOBAL,OTHFOICOLXX,2027,15.49610353
GLOBAL,OTHFOICOLXX,2028,19.0101841
GLOBAL,OTHFOICOLXX,2029,23.32115935
GLOBAL,OTHFOICOLXX,2030,28.60974256
GLOBAL,OTHFOICOLXX,2031,35.09762776
GLOBAL,OTHFOICOLXX,2032,43.05678289
GLOBAL,OTHFOICOLXX,2033,52.82085062
GLOBAL,OTHFOICOLXX,2034,64.79913437
GLOBAL,OTHFOICOLXX,2035,79.49375608
GLOBAL,OTHFOICOLXX,2036,97.52070483
GLOBAL,OTHFOICOLXX,2037,119.6356587
GLOBAL,OTHFOICOLXX,2038,146.7656623
GLOBAL,OTHFOICOLXX,2039,180.0479879
GLOBAL,OTHFOICOLXX,2040,220.8778091
GLOBAL,OTHFOICOLXX,2041,270.9666858
GLOBAL,OTHFOICOLXX,2042,332.4143113
GLOBAL,OTHFOICOLXX,2043,407.7965306
GLOBAL,OTHFOICOLXX,2044,500.2733177
GLOBAL,OTHFOICOLXX,2045,613.7212399
GLOBAL,OTHFOICOLXX,2046,752.8959611
GLOBAL,OTHFOICOLXX,2047,923.6315959
GLOBAL,OTHFOICOLXX,2048,1133.085272
GLOBAL,OTHFOICOLXX,2049,1390.037153
GLOBAL,OTHFOICOLXX,2050,1705.258495
GLOBAL,OTHGSLCOLXX,2022,2.651715951
GLOBAL,OTHGSLCOLXX,2023,2.678233111
GLOBAL,OTHGSLCOLXX,2024,2.813310752
GLOBAL,OTHGSLCOLXX,2025,2.955201082
GLOBAL,OTHGSLCOLXX,2026,3.104247702
GLOBAL,OTHGSLCOLXX,2027,3.26081154
GLOBAL,OTHGSLCOLXX,2028,3.425271732
GLOBAL,OTHGSLCOLXX,2029,3.598026533
GLOBAL,OTHGSLCOLXX,2030,3.779494283
GLOBAL,OTHGSLCOLXX,2031,3.970114424
GLOBAL,OTHGSLCOLXX,2032,4.170348559
GLOBAL,OTHGSLCOLXX,2033,4.380681575
GLOBAL,OTHGSLCOLXX,2034,4.601622811
GLOBAL,OTHGSLCOLXX,2035,4.833707297
GLOBAL,OTHGSLCOLXX,2036,5.077497047
GLOBAL,OTHGSLCOLXX,2037,5.33358242
GLOBAL,OTHGSLCOLXX,2038,5.60258355
GLOBAL,OTHGSLCOLXX,2039,5.885151847
GLOBAL,OTHGSLCOLXX,2040,6.181971578
GLOBAL,OTHGSLCOLXX,2041,6.493761517
GLOBAL,OTHGSLCOLXX,2042,6.821276693
GLOBAL,OTHGSLCOLXX,2043,7.165310214
GLOBAL,OTHGSLCOLXX,2044,7.526695187
GLOBAL,OTHGSLCOLXX,2045,7.906306741
GLOBAL,OTHGSLCOLXX,2046,8.305064139
GLOBAL,OTHGSLCOLXX,2047,8.723933008
GLOBAL,OTHGSLCOLXX,2048,9.163927678
GLOBAL,OTHGSLCOLXX,2049,9.626113635
GLOBAL,OTHGSLCOLXX,2050,10.11161011
GLOBAL,OTHJFUCOLXX,2024,2.028372377
GLOBAL,OTHJFUCOLXX,2025,1.9592964
GLOBAL,OTHJFUCOLXX,2026,1.892572796
GLOBAL,OTHJFUCOLXX,2027,1.828121457
GLOBAL,OTHJFUCOLXX,2028,1.765865001
GLOBAL,OTHJFUCOLXX,2029,1.705728681
GLOBAL,OTHJFUCOLXX,2030,1.647640295
GLOBAL,OTHJFUCOLXX,2031,1.591530103
GLOBAL,OTHJFUCOLXX,2032,1.537330737
GLOBAL,OTHJFUCOLXX,2033,1.484977123
GLOBAL,OTHJFUCOLXX,2034,1.434406406
GLOBAL,OTHJFUCOLXX,2035,1.385557868
GLOBAL,OTHJFUCOLXX,2036,1.338372862
GLOBAL,OTHJFUCOLXX,2037,1.292794735
GLOBAL,OTHJFUCOLXX,2038,1.248768765
GLOBAL,OTHJFUCOLXX,2039,1.206242095
GLOBAL,OTHJFUCOLXX,2040,1.165163666
GLOBAL,OTHJFUCOLXX,2041,1.125484157
GLOBAL,OTHJFUCOLXX,2042,1.087155929
GLOBAL,OTHJFUCOLXX,2043,1.050132965
GLOBAL,OTHJFUCOLXX,2044,1.014370813
GLOBAL,OTHJFUCOLXX,2045,0.979826537
GLOBAL,OTHJFUCOLXX,2046,0.946458662
GLOBAL,OTHJFUCOLXX,2047,0.914227126
GLOBAL,OTHJFUCOLXX,2048,0.883093231
GLOBAL,OTHJFUCOLXX,2049,0.853019597
GLOBAL,OTHJFUCOLXX,2050,0.823970117
GLOBAL,OTHNGSCOLXX,2022,0.087468
GLOBAL,OTHNGSCOLXX,2023,0.090266976
GLOBAL,OTHNGSCOLXX,2024,0.06711293
GLOBAL,OTHNGSCOLXX,2025,0.049898042
GLOBAL,OTHNGSCOLXX,2026,0.037098881
GLOBAL,OTHNGSCOLXX,2027,0.027582786
GLOBAL,OTHNGSCOLXX,2028,0.020507628
GLOBAL,OTHNGSCOLXX,2029,0.015247293
GLOBAL,OTHNGSCOLXX,2030,0.011336266
GLOBAL,OTHNGSCOLXX,2031,0.008428443
GLOBAL,OTHNGSCOLXX,2032,0.006266494
GLOBAL,OTHNGSCOLXX,2033,0.004659099
GLOBAL,OTHNGSCOLXX,2034,0.003464011
GLOBAL,OTHNGSCOLXX,2035,0.002575471
GLOBAL,OTHNGSCOLXX,2036,0.001914846
GLOBAL,OTHNGSCOLXX,2037,0.001423676
GLOBAL,OTHNGSCOLXX,2038,0.001058494
GLOBAL,OTHNGSCOLXX,2039,0.000786984
GLOBAL,OTHNGSCOLXX,2040,0.000585118
GLOBAL,OTHNGSCOLXX,2041,0.000435031
GLOBAL,OTHNGSCOLXX,2042,0.000323443
GLOBAL,OTHNGSCOLXX,2043,0.000240478
GLOBAL,OTHNGSCOLXX,2044,0.000178794
GLOBAL,OTHNGSCOLXX,2045,0.000132932
GLOBAL,OTHNGSCOLXX,2046,9.88341e-05
GLOBAL,OTHNGSCOLXX,2047,7.34826e-05
GLOBAL,OTHNGSCOLXX,2048,5.46338e-05
GLOBAL,OTHNGSCOLXX,2049,4.06199e-05
GLOBAL,OTHNGSCOLXX,2050,3.02006e-05
GLOBAL,RESLPGCOLXX,2022,35.13468128
GLOBAL,RESLPGCOLXX,2023,42.71925221
GLOBAL,RESLPGCOLXX,2024,44.69629844
GLOBAL,RESLPGCOLXX,2025,46.76484235
GLOBAL,RESLPGCOLXX,2026,48.92911842
GLOBAL,RESLPGCOLXX,2027,51.19355716
GLOBAL,RESLPGCOLXX,2028,53.56279408
GLOBAL,RESLPGCOLXX,2029,56.04167924
GLOBAL,RESLPGCOLXX,2030,58.63528716
GLOBAL,RESLPGCOLXX,2031,61.34892722
GLOBAL,RESLPGCOLXX,2032,64.18815448
GLOBAL,RESLPGCOLXX,2033,67.15878114
GLOBAL,RESLPGCOLXX,2034,70.26688834
GLOBAL,RESLPGCOLXX,2035,73.51883869
GLOBAL,RESLPGCOLXX,2036,76.92128925
GLOBAL,RESLPGCOLXX,2037,80.48120515
GLOBAL,RESLPGCOLXX,2038,84.20587391
GLOBAL,RESLPGCOLXX,2039,88.10292026
GLOBAL,RESLPGCOLXX,2040,92.18032185
GLOBAL,RESLPGCOLXX,2041,96.44642552
GLOBAL,RESLPGCOLXX,2042,100.9099644
GLOBAL,RESLPGCOLXX,2043,105.5800758
GLOBAL,RESLPGCOLXX,2044,110.4663198
GLOBAL,RESLPGCOLXX,2045,115.5786991
GLOBAL,RESLPGCOLXX,2046,120.9276793
GLOBAL,RESLPGCOLXX,2047,126.5242101
GLOBAL,RESLPGCOLXX,2048,132.3797483
GLOBAL,RESLPGCOLXX,2049,138.5062808
GLOBAL,RESLPGCOLXX,2050,144.916349
GLOBAL,RESCOACOLXX,2022,3.4818
GLOBAL,RESCOACOLXX,2023,3.516618
GLOBAL,RESCOACOLXX,2024,3.476422499
GLOBAL,RESCOACOLXX,2025,3.43668644
GLOBAL,RESCOACOLXX,2026,3.397404569
GLOBAL,RESCOACOLXX,2027,3.358571697
GLOBAL,RESCOACOLXX,2028,3.32018269
GLOBAL,RESCOACOLXX,2029,3.282232476
GLOBAL,RESCOACOLXX,2030,3.244716039
GLOBAL,RESCOACOLXX,2031,3.207628421
GLOBAL,RESCOACOLXX,2032,3.17096472
GLOBAL,RESCOACOLXX,2033,3.134720091
GLOBAL,RESCOACOLXX,2034,3.098889744
GLOBAL,RESCOACOLXX,2035,3.063468944
GLOBAL,RESCOACOLXX,2036,3.028453008
GLOBAL,RESCOACOLXX,2037,2.993837311
GLOBAL,RESCOACOLXX,2038,2.959617276
GLOBAL,RESCOACOLXX,2039,2.925788382
GLOBAL,RESCOACOLXX,2040,2.892346157
GLOBAL,RESCOACOLXX,2041,2.859286183
GLOBAL,RESCOACOLXX,2042,2.826604089
GLOBAL,RESCOACOLXX,2043,2.794295556
GLOBAL,RESCOACOLXX,2044,2.762356316
GLOBAL,RESCOACOLXX,2045,2.730782145
GLOBAL,RESCOACOLXX,2046,2.699568873
GLOBAL,RESCOACOLXX,2047,2.668712373
GLOBAL,RESCOACOLXX,2048,2.638208568
GLOBAL,RESCOACOLXX,2049,2.608053426
GLOBAL,RESCOACOLXX,2050,2.578242963
GLOBAL,RESELCCOLXX02,2022,88.02756
GLOBAL,RESELCCOLXX02,2023,88.9078356
GLOBAL,RESELCCOLXX02,2024,91.96210444
GLOBAL,RESELCCOLXX02,2025,95.1212972
GLOBAL,RESELCCOLXX02,2026,98.38901834
GLOBAL,RESELCCOLXX02,2027,101.7689962
GLOBAL,RESELCCOLXX02,2028,105.2650871
GLOBAL,RESELCCOLXX02,2029,108.8812799
GLOBAL,RESELCCOLXX02,2030,112.6217005
GLOBAL,RESELCCOLXX02,2031,116.4906165
GLOBAL,RESELCCOLXX02,2032,120.4924422
GLOBAL,RESELCCOLXX02,2033,124.6317434
GLOBAL,RESELCCOLXX02,2034,128.9132429
GLOBAL,RESELCCOLXX02,2035,133.3418255
GLOBAL,RESELCCOLXX02,2036,137.9225442
GLOBAL,RESELCCOLXX02,2037,142.6606253
GLOBAL,RESELCCOLXX02,2038,147.5614745
GLOBAL,RESELCCOLXX02,2039,152.6306837
GLOBAL,RESELCCOLXX02,2040,157.8740364
GLOBAL,RESELCCOLXX02,2041,163.2975151
GLOBAL,RESELCCOLXX02,2042,168.9073076
GLOBAL,RESELCCOLXX02,2043,174.7098145
GLOBAL,RESELCCOLXX02,2044,180.711656
GLOBAL,RESELCCOLXX02,2045,186.9196801
GLOBAL,RESELCCOLXX02,2046,193.3409696
GLOBAL,RESELCCOLXX02,2047,199.982851
GLOBAL,RESELCCOLXX02,2048,206.8529023
GLOBAL,RESELCCOLXX02,2049,213.9589618
GLOBAL,RESELCCOLXX02,2050,221.3091373
GLOBAL,RESJFUCOLXX,2022,0.489640164
GLOBAL,RESJFUCOLXX,2023,0.595339445
GLOBAL,RESJFUCOLXX,2024,0.612574862
GLOBAL,RESJFUCOLXX,2025,0.630309254
GLOBAL,RESJFUCOLXX,2026,0.648557067
GLOBAL,RESJFUCOLXX,2027,0.667333165
GLOBAL,RESJFUCOLXX,2028,0.686652842
GLOBAL,RESJFUCOLXX,2029,0.706531834
GLOBAL,RESJFUCOLXX,2030,0.726986335
GLOBAL,RESJFUCOLXX,2031,0.748033005
GLOBAL,RESJFUCOLXX,2032,0.769688988
GLOBAL,RESJFUCOLXX,2033,0.791971924
GLOBAL,RESJFUCOLXX,2034,0.814899964
GLOBAL,RESJFUCOLXX,2035,0.838491784
GLOBAL,RESJFUCOLXX,2036,0.8627666
GLOBAL,RESJFUCOLXX,2037,0.887744186
GLOBAL,RESJFUCOLXX,2038,0.913444888
GLOBAL,RESJFUCOLXX,2039,0.93988964
GLOBAL,RESJFUCOLXX,2040,0.967099982
GLOBAL,RESJFUCOLXX,2041,0.995098079
GLOBAL,RESJFUCOLXX,2042,1.023906738
GLOBAL,RESJFUCOLXX,2043,1.053549423
GLOBAL,RESJFUCOLXX,2044,1.084050281
GLOBAL,RESJFUCOLXX,2045,1.115434156
GLOBAL,RESJFUCOLXX,2046,1.147726613
GLOBAL,RESJFUCOLXX,2047,1.180953954
GLOBAL,RESJFUCOLXX,2048,1.215143247
GLOBAL,RESJFUCOLXX,2049,1.250322338
GLOBAL,RESJFUCOLXX,2050,1.286519885
GLOBAL,RESNGSCOLXX,2022,60.92145759
GLOBAL,RESNGSCOLXX,2023,62.87094424
GLOBAL,RESNGSCOLXX,2024,66.14803044
GLOBAL,RESNGSCOLXX,2025,69.59593155
GLOBAL,RESNGSCOLXX,2026,73.22355111
GLOBAL,RESNGSCOLXX,2027,77.04025678
GLOBAL,RESNGSCOLXX,2028,81.05590449
GLOBAL,RESNGSCOLXX,2029,85.28086388
GLOBAL,RESNGSCOLXX,2030,89.72604513
GLOBAL,RESNGSCOLXX,2031,94.40292709
GLOBAL,RESNGSCOLXX,2032,99.32358693
GLOBAL,RESNGSCOLXX,2033,104.5007313
GLOBAL,RESNGSCOLXX,2034,109.9477293
GLOBAL,RESNGSCOLXX,2035,115.6786467
GLOBAL,RESNGSCOLXX,2036,121.7082825
GLOBAL,RESNGSCOLXX,2037,128.0522072
GLOBAL,RESNGSCOLXX,2038,134.7268027
GLOBAL,RESNGSCOLXX,2039,141.7493049
GLOBAL,RESNGSCOLXX,2040,149.1378482
GLOBAL,RESNGSCOLXX,2041,156.911512
GLOBAL,RESNGSCOLXX,2042,165.0903704
GLOBAL,RESNGSCOLXX,2043,173.6955438
GLOBAL,RESNGSCOLXX,2044,182.7492534
GLOBAL,RESNGSCOLXX,2045,192.2748787
GLOBAL,RESNGSCOLXX,2046,202.2970179
GLOBAL,RESNGSCOLXX,2047,212.8415512
GLOBAL,RESNGSCOLXX,2048,223.9357079
GLOBAL,RESNGSCOLXX,2049,235.6081367
GLOBAL,RESNGSCOLXX,2050,247.8889794
GLOBAL,TRADSLCOLXX,2022,257.1007985
GLOBAL,TRADSLCOLXX,2023,259.6718064
GLOBAL,TRADSLCOLXX,2024,272.1020102
GLOBAL,TRADSLCOLXX,2025,285.1272342
GLOBAL,TRADSLCOLXX,2026,298.7759613
GLOBAL,TRADSLCOLXX,2027,313.078038
GLOBAL,TRADSLCOLXX,2028,328.0647394
GLOBAL,TRADSLCOLXX,2029,343.7688377
GLOBAL,TRADSLCOLXX,2030,360.2246738
GLOBAL,TRADSLCOLXX,2031,377.4682328
GLOBAL,TRADSLCOLXX,2032,395.537222
GLOBAL,TRADSLCOLXX,2033,414.4711538
GLOBAL,TRADSLCOLXX,2034,434.3114321
GLOBAL,TRADSLCOLXX,2035,455.1014427
GLOBAL,TRADSLCOLXX,2036,476.8866483
GLOBAL,TRADSLCOLXX,2037,499.7146877
GLOBAL,TRADSLCOLXX,2038,523.6354802
GLOBAL,TRADSLCOLXX,2039,548.7013347
GLOBAL,TRADSLCOLXX,2040,574.9670642
GLOBAL,TRADSLCOLXX,2041,602.4901052
GLOBAL,TRADSLCOLXX,2042,631.3306439
GLOBAL,TRADSLCOLXX,2043,661.5517476
GLOBAL,TRADSLCOLXX,2044,693.2195021
GLOBAL,TRADSLCOLXX,2045,726.4031573
GLOBAL,TRADSLCOLXX,2046,761.1752776
GLOBAL,TRADSLCOLXX,2047,797.611901
GLOBAL,TRADSLCOLXX,2048,835.7927055
GLOBAL,TRADSLCOLXX,2049,875.8011831
GLOBAL,TRADSLCOLXX,2050,917.7248226
GLOBAL,TRAELCCOLXX02,2022,0.324829658
GLOBAL,TRAELCCOLXX02,2023,0.328077955
GLOBAL,TRAELCCOLXX02,2024,0.341520969
GLOBAL,TRAELCCOLXX02,2025,0.355514811
GLOBAL,TRAELCCOLXX02,2026,0.370082052
GLOBAL,TRAELCCOLXX02,2027,0.385246187
GLOBAL,TRAELCCOLXX02,2028,0.401031673
GLOBAL,TRAELCCOLXX02,2029,0.41746397
GLOBAL,TRAELCCOLXX02,2030,0.434569581
GLOBAL,TRAELCCOLXX02,2031,0.452376096
GLOBAL,TRAELCCOLXX02,2032,0.470912234
GLOBAL,TRAELCCOLXX02,2033,0.490207891
GLOBAL,TRAELCCOLXX02,2034,0.510294189
GLOBAL,TRAELCCOLXX02,2035,0.531203524
GLOBAL,TRAELCCOLXX02,2036,0.552969621
GLOBAL,TRAELCCOLXX02,2037,0.575627584
GLOBAL,TRAELCCOLXX02,2038,0.59921396
GLOBAL,TRAELCCOLXX02,2039,0.623766788
GLOBAL,TRAELCCOLXX02,2040,0.64932567
GLOBAL,TRAELCCOLXX02,2041,0.675931828
GLOBAL,TRAELCCOLXX02,2042,0.703628176
GLOBAL,TRAELCCOLXX02,2043,0.732459383
GLOBAL,TRAELCCOLXX02,2044,0.76247195
GLOBAL,TRAELCCOLXX02,2045,0.793714285
GLOBAL,TRAELCCOLXX02,2046,0.826236775
GLOBAL,TRAELCCOLXX02,2047,0.860091877
GLOBAL,TRAELCCOLXX02,2048,0.895334194
GLOBAL,TRAELCCOLXX02,2049,0.932020567
GLOBAL,TRAELCCOLXX02,2050,0.970210166
GLOBAL,TRAFOICOLXX,2022,0.186721
GLOBAL,TRAFOICOLXX,2023,0.19045542
GLOBAL,TRAFOICOLXX,2024,0.24479652
GLOBAL,TRAFOICOLXX,2025,0.314642326
GLOBAL,TRAFOICOLXX,2026,0.40441667
GLOBAL,TRAFOICOLXX,2027,0.519805598
GLOBAL,TRAFOICOLXX,2028,0.668117514
GLOBAL,TRAFOICOLXX,2029,0.858746066
GLOBAL,TRAFOICOLXX,2030,1.103765116
GLOBAL,TRAFOICOLXX,2031,1.418693465
GLOBAL,TRAFOICOLXX,2032,1.823477766
GLOBAL,TRAFOICOLXX,2033,2.343755889
GLOBAL,TRAFOICOLXX,2034,3.012480749
GLOBAL,TRAFOICOLXX,2035,3.87200745
GLOBAL,TRAFOICOLXX,2036,4.976775933
GLOBAL,TRAFOICOLXX,2037,6.396759049
GLOBAL,TRAFOICOLXX,2038,8.221894431
GLOBAL,TRAFOICOLXX,2039,10.56778089
GLOBAL,TRAFOICOLXX,2040,13.58300011
GLOBAL,TRAFOICOLXX,2041,17.45852737
GLOBAL,TRAFOICOLXX,2042,22.4398274
GLOBAL,TRAFOICOLXX,2043,28.84240136
GLOBAL,TRAFOICOLXX,2044,37.07176984
GLOBAL,TRAFOICOLXX,2045,47.64915727
GLOBAL,TRAFOICOLXX,2046,61.24450489
GLOBAL,TRAFOICOLXX,2047,78.71890277
GLOBAL,TRAFOICOLXX,2048,101.1791289
GLOBAL,TRAFOICOLXX,2049,130.0477492
GLOBAL,TRAFOICOLXX,2050,167.1532188
GLOBAL,TRAGSLCOLXX,2022,357.0114505
GLOBAL,TRAGSLCOLXX,2023,360.581565
GLOBAL,TRAGSLCOLXX,2024,387.777711
GLOBAL,TRAGSLCOLXX,2025,417.0250721
GLOBAL,TRAGSLCOLXX,2026,448.4783572
GLOBAL,TRAGSLCOLXX,2027,482.3039435
GLOBAL,TRAGSLCOLXX,2028,518.6807574
GLOBAL,TRAGSLCOLXX,2029,557.8012199
GLOBAL,TRAGSLCOLXX,2030,599.8722654
GLOBAL,TRAGSLCOLXX,2031,645.1164356
GLOBAL,TRAGSLCOLXX,2032,693.7730572
GLOBAL,TRAGSLCOLXX,2033,746.0995075
GLOBAL,TRAGSLCOLXX,2034,802.3725761
GLOBAL,TRAGSLCOLXX,2035,862.8899287
GLOBAL,TRAGSLCOLXX,2036,927.971682
GLOBAL,TRAGSLCOLXX,2037,997.962097
GLOBAL,TRAGSLCOLXX,2038,1073.231399
GLOBAL,TRAGSLCOLXX,2039,1154.177739
GLOBAL,TRAGSLCOLXX,2040,1241.229295
GLOBAL,TRAGSLCOLXX,2041,1334.846541
GLOBAL,TRAGSLCOLXX,2042,1435.524682
GLOBAL,TRAGSLCOLXX,2043,1543.79627
GLOBAL,TRAGSLCOLXX,2044,1660.234027
GLOBAL,TRAGSLCOLXX,2045,1785.45387
GLOBAL,TRAGSLCOLXX,2046,1920.118171
GLOBAL,TRAGSLCOLXX,2047,2064.939257
GLOBAL,TRAGSLCOLXX,2048,2220.683186
GLOBAL,TRAGSLCOLXX,2049,2388.17379
GLOBAL,TRAGSLCOLXX,2050,2568.297039
GLOBAL,TRAJFUCOLXX,2022,52.65681962
GLOBAL,TRAJFUCOLXX,2023,64.02391813
GLOBAL,TRAJFUCOLXX,2024,67.67093883
GLOBAL,TRAJFUCOLXX,2025,71.52570626
GLOBAL,TRAJFUCOLXX,2026,75.60005438
GLOBAL,TRAJFUCOLXX,2027,79.90649127
GLOBAL,TRAJFUCOLXX,2028,84.45823749
GLOBAL,TRAJFUCOLXX,2029,89.26926669
GLOBAL,TRAJFUCOLXX,2030,94.35434852
GLOBAL,TRAJFUCOLXX,2031,99.72909395
GLOBAL,TRAJFUCOLXX,2032,105.4100032
GLOBAL,TRAJFUCOLXX,2033,111.4145164
GLOBAL,TRAJFUCOLXX,2034,117.7610672
GLOBAL,TRAJFUCOLXX,2035,124.4691391
GLOBAL,TRAJFUCOLXX,2036,131.5593257
GLOBAL,TRAJFUCOLXX,2037,139.0533935
GLOBAL,TRAJFUCOLXX,2038,146.974349
GLOBAL,TRAJFUCOLXX,2039,155.3465091
GLOBAL,TRAJFUCOLXX,2040,164.195576
GLOBAL,TRAJFUCOLXX,2041,173.5487159
GLOBAL,TRAJFUCOLXX,2042,183.4346425
GLOBAL,TRAJFUCOLXX,2043,193.8837052
GLOBAL,TRAJFUCOLXX,2044,204.9279822
GLOBAL,TRAJFUCOLXX,2045,216.6013789
GLOBAL,TRAJFUCOLXX,2046,228.939732
GLOBAL,TRAJFUCOLXX,2047,241.9809198
GLOBAL,TRAJFUCOLXX,2048,255.7649781
GLOBAL,TRAJFUCOLXX,2049,270.3342234
GLOBAL,TRAJFUCOLXX,2050,285.7333826
GLOBAL,TRANGSCOLXX,2022,21.18888774
GLOBAL,TRANGSCOLXX,2023,21.86693215
GLOBAL,TRANGSCOLXX,2024,21.8820801
GLOBAL,TRANGSCOLXX,2025,21.89723854
GLOBAL,TRANGSCOLXX,2026,21.91240748
GLOBAL,TRANGSCOLXX,2027,21.92758693
GLOBAL,TRANGSCOLXX,2028,21.9427769
GLOBAL,TRANGSCOLXX,2029,21.95797739
GLOBAL,TRANGSCOLXX,2030,21.97318841
GLOBAL,TRANGSCOLXX,2031,21.98840997
GLOBAL,TRANGSCOLXX,2032,22.00364207
GLOBAL,TRANGSCOLXX,2033,22.01888472
GLOBAL,TRANGSCOLXX,2034,22.03413793
GLOBAL,TRANGSCOLXX,2035,22.04940171
GLOBAL,TRANGSCOLXX,2036,22.06467606
GLOBAL,TRANGSCOLXX,2037,22.079961
GLOBAL,TRANGSCOLXX,2038,22.09525652
GLOBAL,TRANGSCOLXX,2039,22.11056263
GLOBAL,TRANGSCOLXX,2040,22.12587936
GLOBAL,TRANGSCOLXX,2041,22.14120669
GLOBAL,TRANGSCOLXX,2042,22.15654463
GLOBAL,TRANGSCOLXX,2043,22.17189321
GLOBAL,TRANGSCOLXX,2044,22.18725241
GLOBAL,TRANGSCOLXX,2045,22.20262226
GLOBAL,TRANGSCOLXX,2046,22.21800275
GLOBAL,TRANGSCOLXX,2047,22.2333939
GLOBAL,TRANGSCOLXX,2048,22.24879571
GLOBAL,TRANGSCOLXX,2049,22.26420819
GLOBAL,TRANGSCOLXX,2050,22.27963135
GLOBAL,AGRLPGECUXX,2022,1.610425951
GLOBAL,AGRLPGECUXX,2023,0.986367895
GLOBAL,AGRLPGECUXX,2024,1.018494414
GLOBAL,AGRLPGECUXX,2025,1.05166731
GLOBAL,AGRLPGECUXX,2026,1.085920666
GLOBAL,AGRLPGECUXX,2027,1.121289671
GLOBAL,AGRLPGECUXX,2028,1.157810663
GLOBAL,AGRLPGECUXX,2029,1.195521162
GLOBAL,AGRLPGECUXX,2030,1.234459913
GLOBAL,AGRLPGECUXX,2031,1.274666919
GLOBAL,AGRLPGECUXX,2032,1.316183488
GLOBAL,AGRLPGECUXX,2033,1.359052274
GLOBAL,AGRLPGECUXX,2034,1.403317319
GLOBAL,AGRLPGECUXX,2035,1.449024099
GLOBAL,AGRLPGECUXX,2036,1.496219573
GLOBAL,AGRLPGECUXX,2037,1.544952228
GLOBAL,AGRLPGECUXX,2038,1.595272131
GLOBAL,AGRLPGECUXX,2039,1.64723098
GLOBAL,AGRLPGECUXX,2040,1.700882156
GLOBAL,AGRLPGECUXX,2041,1.756280779
GLOBAL,AGRLPGECUXX,2042,1.813483764
GLOBAL,AGRLPGECUXX,2043,1.872549881
GLOBAL,AGRLPGECUXX,2044,1.933539811
GLOBAL,AGRLPGECUXX,2045,1.996516216
GLOBAL,AGRLPGECUXX,2046,2.061543795
GLOBAL,AGRLPGECUXX,2047,2.128689356
GLOBAL,AGRLPGECUXX,2048,2.198021884
GLOBAL,AGRLPGECUXX,2049,2.269612608
GLOBAL,AGRLPGECUXX,2050,2.343535079
GLOBAL,AGRDSLECUXX,2022,0.458410498
GLOBAL,AGRDSLECUXX,2023,0.457116281
GLOBAL,AGRDSLECUXX,2024,0.407987872
GLOBAL,AGRDSLECUXX,2025,0.364139522
GLOBAL,AGRDSLECUXX,2026,0.325003757
GLOBAL,AGRDSLECUXX,2027,0.290074095
GLOBAL,AGRDSLECUXX,2028,0.258898485
GLOBAL,AGRDSLECUXX,2029,0.231073463
GLOBAL,AGRDSLECUXX,2030,0.206238925
GLOBAL,AGRDSLECUXX,2031,0.184073471
GLOBAL,AGRDSLECUXX,2032,0.16429024
GLOBAL,AGRDSLECUXX,2033,0.146633205
GLOBAL,AGRDSLECUXX,2034,0.130873854
GLOBAL,AGRDSLECUXX,2035,0.116808234
GLOBAL,AGRDSLECUXX,2036,0.10425431
GLOBAL,AGRDSLECUXX,2037,0.093049616
GLOBAL,AGRDSLECUXX,2038,0.083049142
GLOBAL,AGRDSLECUXX,2039,0.074123465
GLOBAL,AGRDSLECUXX,2040,0.066157072
GLOBAL,AGRDSLECUXX,2041,0.059046864
GLOBAL,AGRDSLECUXX,2042,0.052700824
GLOBAL,AGRDSLECUXX,2043,0.047036822
GLOBAL,AGRDSLECUXX,2044,0.041981556
GLOBAL,AGRDSLECUXX,2045,0.037469603
GLOBAL,AGRDSLECUXX,2046,0.033442571
GLOBAL,AGRDSLECUXX,2047,0.029848343
GLOBAL,AGRDSLECUXX,2048,0.026640403
GLOBAL,AGRDSLECUXX,2049,0.023777235
GLOBAL,AGRDSLECUXX,2050,0.021221785
GLOBAL,AGRGSLECUXX,2022,6.303957421
GLOBAL,AGRGSLECUXX,2023,6.559231383
GLOBAL,AGRGSLECUXX,2024,6.87168815
GLOBAL,AGRGSLECUXX,2025,7.199029166
GLOBAL,AGRGSLECUXX,2026,7.54196346
GLOBAL,AGRGSLECUXX,2027,7.901233835
GLOBAL,AGRGSLECUXX,2028,8.27761848
GLOBAL,AGRGSLECUXX,2029,8.671932655
GLOBAL,AGRGSLECUXX,2030,9.085030453
GLOBAL,AGRGSLECUXX,2031,9.517806655
GLOBAL,AGRGSLECUXX,2032,9.971198664
GLOBAL,AGRGSLECUXX,2033,10.44618854
GLOBAL,AGRGSLECUXX,2034,10.94380512
GLOBAL,AGRGSLECUXX,2035,11.46512626
GLOBAL,AGRGSLECUXX,2036,12.01128115
GLOBAL,AGRGSLECUXX,2037,12.58345277
GLOBAL,AGRGSLECUXX,2038,13.18288047
GLOBAL,AGRGSLECUXX,2039,13.81086262
GLOBAL,AGRGSLECUXX,2040,14.46875944
GLOBAL,AGRGSLECUXX,2041,15.15799596
GLOBAL,AGRGSLECUXX,2042,15.88006508
GLOBAL,AGRGSLECUXX,2043,16.63653081
GLOBAL,AGRGSLECUXX,2044,17.42903169
GLOBAL,AGRGSLECUXX,2045,18.25928429
GLOBAL,AGRGSLECUXX,2046,19.12908695
GLOBAL,AGRGSLECUXX,2047,20.0403237
GLOBAL,AGRGSLECUXX,2048,20.99496829
GLOBAL,AGRGSLECUXX,2049,21.99508851
GLOBAL,AGRGSLECUXX,2050,23.04285064
GLOBAL,COMLPGECUXX,2022,4.159678035
GLOBAL,COMLPGECUXX,2023,3.984920329
GLOBAL,COMLPGECUXX,2024,4.123703922
GLOBAL,COMLPGECUXX,2025,4.267320959
GLOBAL,COMLPGECUXX,2026,4.415939774
GLOBAL,COMLPGECUXX,2027,4.569734565
GLOBAL,COMLPGECUXX,2028,4.728885597
GLOBAL,COMLPGECUXX,2029,4.893579413
GLOBAL,COMLPGECUXX,2030,5.064009053
GLOBAL,COMLPGECUXX,2031,5.240374278
GLOBAL,COMLPGECUXX,2032,5.42288181
GLOBAL,COMLPGECUXX,2033,5.611745567
GLOBAL,COMLPGECUXX,2034,5.807186918
GLOBAL,COMLPGECUXX,2035,6.009434944
GLOBAL,COMLPGECUXX,2036,6.2187267
GLOBAL,COMLPGECUXX,2037,6.435307501
GLOBAL,COMLPGECUXX,2038,6.659431204
GLOBAL,COMLPGECUXX,2039,6.891360507
GLOBAL,COMLPGECUXX,2040,7.131367256
GLOBAL,COMLPGECUXX,2041,7.379732767
GLOBAL,COMLPGECUXX,2042,7.636748152
GLOBAL,COMLPGECUXX,2043,7.902714661
GLOBAL,COMLPGECUXX,2044,8.177944037
GLOBAL,COMLPGECUXX,2045,8.462758881
GLOBAL,COMLPGECUXX,2046,8.757493026
GLOBAL,COMLPGECUXX,2047,9.062491935
GLOBAL,COMLPGECUXX,2048,9.378113099
GLOBAL,COMLPGECUXX,2049,9.704726464
GLOBAL,COMLPGECUXX,2050,10.04271485
GLOBAL,COMDSLECUXX,2022,6.381235667
GLOBAL,COMDSLECUXX,2023,4.859552224
GLOBAL,COMDSLECUXX,2024,4.779026692
GLOBAL,COMDSLECUXX,2025,4.699835513
GLOBAL,COMDSLECUXX,2026,4.621956577
GLOBAL,COMDSLECUXX,2027,4.545368139
GLOBAL,COMDSLECUXX,2028,4.470048815
GLOBAL,COMDSLECUXX,2029,4.395977575
GLOBAL,COMDSLECUXX,2030,4.323133737
GLOBAL,COMDSLECUXX,2031,4.251496963
GLOBAL,COMDSLECUXX,2032,4.18104725
GLOBAL,COMDSLECUXX,2033,4.11176493
GLOBAL,COMDSLECUXX,2034,4.043630656
GLOBAL,COMDSLECUXX,2035,3.976625406
GLOBAL,COMDSLECUXX,2036,3.910730471
GLOBAL,COMDSLECUXX,2037,3.845927453
GLOBAL,COMDSLECUXX,2038,3.782198257
GLOBAL,COMDSLECUXX,2039,3.71952509
GLOBAL,COMDSLECUXX,2040,3.657890453
GLOBAL,COMDSLECUXX,2041,3.597277137
GLOBAL,COMDSLECUXX,2042,3.537668217
GLOBAL,COMDSLECUXX,2043,3.479047052
GLOBAL,COMDSLECUXX,2044,3.421397272
GLOBAL,COMDSLECUXX,2045,3.364702781
GLOBAL,COMDSLECUXX,2046,3.308947751
GLOBAL,COMDSLECUXX,2047,3.254116613
GLOBAL,COMDSLECUXX,2048,3.200194058
GLOBAL,COMDSLECUXX,2049,3.14716503
GLOBAL,COMDSLECUXX,2050,3.095014723
GLOBAL,COMELCECUXX02,2022,26.59382471
GLOBAL,COMELCECUXX02,2023,28.75040067
GLOBAL,COMELCECUXX02,2024,30.5433539
GLOBAL,COMELCECUXX02,2025,32.44812058
GLOBAL,COMELCECUXX02,2026,34.47167369
GLOBAL,COMELCECUXX02,2027,36.62142108
GLOBAL,COMELCECUXX02,2028,38.90523258
GLOBAL,COMELCECUXX02,2029,41.33146877
GLOBAL,COMELCECUXX02,2030,43.90901165
GLOBAL,COMELCECUXX02,2031,46.64729712
GLOBAL,COMELCECUXX02,2032,49.55634953
GLOBAL,COMELCECUXX02,2033,52.64681836
GLOBAL,COMELCECUXX02,2034,55.93001724
GLOBAL,COMELCECUXX02,2035,59.41796534
GLOBAL,COMELCECUXX02,2036,63.12343137
GLOBAL,COMELCECUXX02,2037,67.05998035
GLOBAL,COMELCECUXX02,2038,71.24202325
GLOBAL,COMELCECUXX02,2039,75.68486971
GLOBAL,COMELCECUXX02,2040,80.40478418
GLOBAL,COMELCECUXX02,2041,85.41904535
GLOBAL,COMELCECUXX02,2042,90.7460095
GLOBAL,COMELCECUXX02,2043,96.40517764
GLOBAL,COMELCECUXX02,2044,102.4172669
GLOBAL,COMELCECUXX02,2045,108.8042864
GLOBAL,COMELCECUXX02,2046,115.5896178
GLOBAL,COMELCECUXX02,2047,122.798101
GLOBAL,COMELCECUXX02,2048,130.4561248
GLOBAL,COMELCECUXX02,2049,138.5917238
GLOBAL,COMELCECUXX02,2050,147.2346809
GLOBAL,COMFOIECUXX,2022,0.323111453
GLOBAL,COMFOIECUXX,2023,0.305873964
GLOBAL,COMFOIECUXX,2024,0.308990892
GLOBAL,COMFOIECUXX,2025,0.312139583
GLOBAL,COMFOIECUXX,2026,0.31532036
GLOBAL,COMFOIECUXX,2027,0.31853355
GLOBAL,COMFOIECUXX,2028,0.321779482
GLOBAL,COMFOIECUXX,2029,0.325058492
GLOBAL,COMFOIECUXX,2030,0.328370916
GLOBAL,COMFOIECUXX,2031,0.331717094
GLOBAL,COMFOIECUXX,2032,0.33509737
GLOBAL,COMFOIECUXX,2033,0.338512092
GLOBAL,COMFOIECUXX,2034,0.341961611
GLOBAL,COMFOIECUXX,2035,0.345446281
GLOBAL,COMFOIECUXX,2036,0.348966461
GLOBAL,COMFOIECUXX,2037,0.352522513
GLOBAL,COMFOIECUXX,2038,0.356114801
GLOBAL,COMFOIECUXX,2039,0.359743696
GLOBAL,COMFOIECUXX,2040,0.36340957
GLOBAL,COMFOIECUXX,2041,0.3671128
GLOBAL,COMFOIECUXX,2042,0.370853767
GLOBAL,COMFOIECUXX,2043,0.374632856
GLOBAL,COMFOIECUXX,2044,0.378450454
GLOBAL,COMFOIECUXX,2045,0.382306954
GLOBAL,COMFOIECUXX,2046,0.386202753
GLOBAL,COMFOIECUXX,2047,0.390138251
GLOBAL,COMFOIECUXX,2048,0.394113853
GLOBAL,COMFOIECUXX,2049,0.398129967
GLOBAL,COMFOIECUXX,2050,0.402187007
GLOBAL,COMGSLECUXX,2024,0.357030035
GLOBAL,COMGSLECUXX,2025,0.379183528
GLOBAL,COMGSLECUXX,2026,0.402711631
GLOBAL,COMGSLECUXX,2027,0.427699638
GLOBAL,COMGSLECUXX,2028,0.454238136
GLOBAL,COMGSLECUXX,2029,0.482423331
GLOBAL,COMGSLECUXX,2030,0.5123574
GLOBAL,COMGSLECUXX,2031,0.54414886
GLOBAL,COMGSLECUXX,2032,0.57791296
GLOBAL,COMGSLECUXX,2033,0.613772101
GLOBAL,COMGSLECUXX,2034,0.65185628
GLOBAL,COMGSLECUXX,2035,0.692303559
GLOBAL,COMGSLECUXX,2036,0.735260566
GLOBAL,COMGSLECUXX,2037,0.780883029
GLOBAL,COMGSLECUXX,2038,0.829336338
GLOBAL,COMGSLECUXX,2039,0.880796144
GLOBAL,COMGSLECUXX,2040,0.935448999
GLOBAL,COMGSLECUXX,2041,0.993493031
GLOBAL,COMGSLECUXX,2042,1.055138658
GLOBAL,COMGSLECUXX,2043,1.120609359
GLOBAL,COMGSLECUXX,2044,1.190142476
GLOBAL,COMGSLECUXX,2045,1.26399008
GLOBAL,COMGSLECUXX,2046,1.342419881
GLOBAL,COMGSLECUXX,2047,1.425716204
GLOBAL,COMGSLECUXX,2048,1.514181012
GLOBAL,COMGSLECUXX,2049,1.608135006
GLOBAL,COMGSLECUXX,2050,1.707918788
GLOBAL,INDLPGECUXX,2022,6.658696383
GLOBAL,INDLPGECUXX,2023,6.11629809
GLOBAL,INDLPGECUXX,2024,6.405291793
GLOBAL,INDLPGECUXX,2025,6.707940383
GLOBAL,INDLPGECUXX,2026,7.024889051
GLOBAL,INDLPGECUXX,2027,7.356813472
GLOBAL,INDLPGECUXX,2028,7.704421246
GLOBAL,INDLPGECUXX,2029,8.06845341
GLOBAL,INDLPGECUXX,2030,8.449686011
GLOBAL,INDLPGECUXX,2031,8.848931767
GLOBAL,INDLPGECUXX,2032,9.267041794
GLOBAL,INDLPGECUXX,2033,9.704907425
GLOBAL,INDLPGECUXX,2034,10.16346211
GLOBAL,INDLPGECUXX,2035,10.6436834
GLOBAL,INDLPGECUXX,2036,11.14659503
GLOBAL,INDLPGECUXX,2037,11.67326913
GLOBAL,INDLPGECUXX,2038,12.22482846
GLOBAL,INDLPGECUXX,2039,12.80244884
GLOBAL,INDLPGECUXX,2040,13.40736166
GLOBAL,INDLPGECUXX,2041,14.04085647
GLOBAL,INDLPGECUXX,2042,14.70428377
GLOBAL,INDLPGECUXX,2043,15.39905785
GLOBAL,INDLPGECUXX,2044,16.12665986
GLOBAL,INDLPGECUXX,2045,16.88864089
GLOBAL,INDLPGECUXX,2046,17.68662536
GLOBAL,INDLPGECUXX,2047,18.52231441
GLOBAL,INDLPGECUXX,2048,19.39748959
GLOBAL,INDLPGECUXX,2049,20.31401659
GLOBAL,INDLPGECUXX,2050,21.27384928
GLOBAL,INDBAGECUXX,2022,7.007944162
GLOBAL,INDBAGECUXX,2023,7.769926606
GLOBAL,INDBAGECUXX,2024,8.093935575
GLOBAL,INDBAGECUXX,2025,8.431455844
GLOBAL,INDBAGECUXX,2026,8.78305084
GLOBAL,INDBAGECUXX,2027,9.149307484
GLOBAL,INDBAGECUXX,2028,9.530837173
GLOBAL,INDBAGECUXX,2029,9.928276799
GLOBAL,INDBAGECUXX,2030,10.34228981
GLOBAL,INDBAGECUXX,2031,10.77356733
GLOBAL,INDBAGECUXX,2032,11.22282929
GLOBAL,INDBAGECUXX,2033,11.69082564
GLOBAL,INDBAGECUXX,2034,12.17833763
GLOBAL,INDBAGECUXX,2035,12.68617906
GLOBAL,INDBAGECUXX,2036,13.21519767
GLOBAL,INDBAGECUXX,2037,13.76627657
GLOBAL,INDBAGECUXX,2038,14.34033566
GLOBAL,INDBAGECUXX,2039,14.93833325
GLOBAL,INDBAGECUXX,2040,15.56126757
GLOBAL,INDBAGECUXX,2041,16.2101785
GLOBAL,INDBAGECUXX,2042,16.88614926
GLOBAL,INDBAGECUXX,2043,17.59030827
GLOBAL,INDBAGECUXX,2044,18.32383098
GLOBAL,INDBAGECUXX,2045,19.08794188
GLOBAL,INDBAGECUXX,2046,19.88391649
GLOBAL,INDBAGECUXX,2047,20.71308356
GLOBAL,INDBAGECUXX,2048,21.57682722
GLOBAL,INDBAGECUXX,2049,22.47658933
GLOBAL,INDBAGECUXX,2050,23.41387187
GLOBAL,INDCOKECUXX,2022,11.26292877
GLOBAL,INDCOKECUXX,2023,10.36853835
GLOBAL,INDCOKECUXX,2024,10.40069323
GLOBAL,INDCOKECUXX,2025,10.43294782
GLOBAL,INDCOKECUXX,2026,10.46530245
GLOBAL,INDCOKECUXX,2027,10.49775741
GLOBAL,INDCOKECUXX,2028,10.53031302
GLOBAL,INDCOKECUXX,2029,10.5629696
GLOBAL,INDCOKECUXX,2030,10.59572744
GLOBAL,INDCOKECUXX,2031,10.62858688
GLOBAL,INDCOKECUXX,2032,10.66154822
GLOBAL,INDCOKECUXX,2033,10.69461178
GLOBAL,INDCOKECUXX,2034,10.72777787
GLOBAL,INDCOKECUXX,2035,10.76104682
GLOBAL,INDCOKECUXX,2036,10.79441895
GLOBAL,INDCOKECUXX,2037,10.82789457
GLOBAL,INDCOKECUXX,2038,10.861474
GLOBAL,INDCOKECUXX,2039,10.89515757
GLOBAL,INDCOKECUXX,2040,10.92894559
GLOBAL,INDCOKECUXX,2041,10.96283841
GLOBAL,INDCOKECUXX,2042,10.99683632
GLOBAL,INDCOKECUXX,2043,11.03093968
GLOBAL,INDCOKECUXX,2044,11.06514879
GLOBAL,INDCOKECUXX,2045,11.099464
GLOBAL,INDCOKECUXX,2046,11.13388562
GLOBAL,INDCOKECUXX,2047,11.16841399
GLOBAL,INDCOKECUXX,2048,11.20304944
GLOBAL,INDCOKECUXX,2049,11.2377923
GLOBAL,INDCOKECUXX,2050,11.27264291
GLOBAL,INDDSLECUXX,2022,29.81408859
GLOBAL,INDDSLECUXX,2023,22.70455568
GLOBAL,INDDSLECUXX,2024,22.52907075
GLOBAL,INDDSLECUXX,2025,22.35494214
GLOBAL,INDDSLECUXX,2026,22.18215939
GLOBAL,INDDSLECUXX,2027,22.01071209
GLOBAL,INDDSLECUXX,2028,21.84058991
GLOBAL,INDDSLECUXX,2029,21.67178262
GLOBAL,INDDSLECUXX,2030,21.50428006
GLOBAL,INDDSLECUXX,2031,21.33807213
GLOBAL,INDDSLECUXX,2032,21.17314883
GLOBAL,INDDSLECUXX,2033,21.00950023
GLOBAL,INDDSLECUXX,2034,20.84711648
GLOBAL,INDDSLECUXX,2035,20.68598781
GLOBAL,INDDSLECUXX,2036,20.52610451
GLOBAL,INDDSLECUXX,2037,20.36745696
GLOBAL,INDDSLECUXX,2038,20.21003561
GLOBAL,INDDSLECUXX,2039,20.05383097
GLOBAL,INDDSLECUXX,2040,19.89883366
GLOBAL,INDDSLECUXX,2041,19.74503432
GLOBAL,INDDSLECUXX,2042,19.59242371
GLOBAL,INDDSLECUXX,2043,19.44099264
GLOBAL,INDDSLECUXX,2044,19.29073199
GLOBAL,INDDSLECUXX,2045,19.14163271
GLOBAL,INDDSLECUXX,2046,18.99368583
GLOBAL,INDDSLECUXX,2047,18.84688244
GLOBAL,INDDSLECUXX,2048,18.7012137
GLOBAL,INDDSLECUXX,2049,18.55667084
GLOBAL,INDDSLECUXX,2050,18.41324517
GLOBAL,INDELCECUXX02,2022,42.48770941
GLOBAL,INDELCECUXX02,2023,42.88587209
GLOBAL,INDELCECUXX02,2024,45.35202652
GLOBAL,INDELCECUXX02,2025,47.9599973
GLOBAL,INDELCECUXX02,2026,50.71793959
GLOBAL,INDELCECUXX02,2027,53.63447749
GLOBAL,INDELCECUXX02,2028,56.71873107
GLOBAL,INDELCECUXX02,2029,59.98034482
GLOBAL,INDELCECUXX02,2030,63.42951784
GLOBAL,INDELCECUXX02,2031,67.07703575
GLOBAL,INDELCECUXX02,2032,70.93430438
GLOBAL,INDELCECUXX02,2033,75.01338546
GLOBAL,INDELCECUXX02,2034,79.32703431
GLOBAL,INDELCECUXX02,2035,83.88873978
GLOBAL,INDELCECUXX02,2036,88.71276637
GLOBAL,INDELCECUXX02,2037,93.81419888
GLOBAL,INDELCECUXX02,2038,99.20898955
GLOBAL,INDELCECUXX02,2039,104.9140079
GLOBAL,INDELCECUXX02,2040,110.9470937
GLOBAL,INDELCECUXX02,2041,117.3271125
GLOBAL,INDELCECUXX02,2042,124.0740145
GLOBAL,INDELCECUXX02,2043,131.2088975
GLOBAL,INDELCECUXX02,2044,138.7540724
GLOBAL,INDELCECUXX02,2045,146.733133
GLOBAL,INDELCECUXX02,2046,155.1710299
GLOBAL,INDELCECUXX02,2047,164.0941485
GLOBAL,INDELCECUXX02,2048,173.5303915
GLOBAL,INDELCECUXX02,2049,183.5092662
GLOBAL,INDELCECUXX02,2050,194.0619766
GLOBAL,INDFOIECUXX,2022,11.13474149
GLOBAL,INDFOIECUXX,2023,10.54072049
GLOBAL,INDFOIECUXX,2024,10.64813294
GLOBAL,INDFOIECUXX,2025,10.75663996
GLOBAL,INDFOIECUXX,2026,10.86625269
GLOBAL,INDFOIECUXX,2027,10.97698239
GLOBAL,INDFOIECUXX,2028,11.08884046
GLOBAL,INDFOIECUXX,2029,11.20183839
GLOBAL,INDFOIECUXX,2030,11.31598779
GLOBAL,INDFOIECUXX,2031,11.43130041
GLOBAL,INDFOIECUXX,2032,11.54778809
GLOBAL,INDFOIECUXX,2033,11.6654628
GLOBAL,INDFOIECUXX,2034,11.78433665
GLOBAL,INDFOIECUXX,2035,11.90442185
GLOBAL,INDFOIECUXX,2036,12.02573075
GLOBAL,INDFOIECUXX,2037,12.14827581
GLOBAL,INDFOIECUXX,2038,12.27206964
GLOBAL,INDFOIECUXX,2039,12.39712496
GLOBAL,INDFOIECUXX,2040,12.52345462
GLOBAL,INDFOIECUXX,2041,12.65107161
GLOBAL,INDFOIECUXX,2042,12.77998904
GLOBAL,INDFOIECUXX,2043,12.91022018
GLOBAL,INDFOIECUXX,2044,13.0417784
GLOBAL,INDFOIECUXX,2045,13.17467723
GLOBAL,INDFOIECUXX,2046,13.30893034
GLOBAL,INDFOIECUXX,2047,13.44455151
GLOBAL,INDFOIECUXX,2048,13.5815547
GLOBAL,INDFOIECUXX,2049,13.71995398
GLOBAL,INDFOIECUXX,2050,13.85976358
GLOBAL,INDGSLECUXX,2022,1.06506639
GLOBAL,INDGSLECUXX,2023,1.383453857
GLOBAL,INDGSLECUXX,2024,1.306149018
GLOBAL,INDGSLECUXX,2025,1.233163829
GLOBAL,INDGSLECUXX,2026,1.164256918
GLOBAL,INDGSLECUXX,2027,1.099200398
GLOBAL,INDGSLECUXX,2028,1.037779115
GLOBAL,INDGSLECUXX,2029,0.97978994
GLOBAL,INDGSLECUXX,2030,0.925041092
GLOBAL,INDGSLECUXX,2031,0.873351509
GLOBAL,INDGSLECUXX,2032,0.824550244
GLOBAL,INDGSLECUXX,2033,0.778475903
GLOBAL,INDGSLECUXX,2034,0.734976112
GLOBAL,INDGSLECUXX,2035,0.693907008
GLOBAL,INDGSLECUXX,2036,0.655132769
GLOBAL,INDGSLECUXX,2037,0.618525163
GLOBAL,INDGSLECUXX,2038,0.583963122
GLOBAL,INDGSLECUXX,2039,0.551332345
GLOBAL,INDGSLECUXX,2040,0.520524914
GLOBAL,INDGSLECUXX,2041,0.491438946
GLOBAL,INDGSLECUXX,2042,0.463978248
GLOBAL,INDGSLECUXX,2043,0.438052002
GLOBAL,INDGSLECUXX,2044,0.413574468
GLOBAL,INDGSLECUXX,2045,0.390464692
GLOBAL,INDGSLECUXX,2046,0.368646248
GLOBAL,INDGSLECUXX,2047,0.348046979
GLOBAL,INDGSLECUXX,2048,0.328598758
GLOBAL,INDGSLECUXX,2049,0.310237268
GLOBAL,INDGSLECUXX,2050,0.292901784
GLOBAL,INDNGSECUXX,2023,1.455815255
GLOBAL,INDNGSECUXX,2024,1.445268334
GLOBAL,INDNGSECUXX,2025,1.434797822
GLOBAL,INDNGSECUXX,2026,1.424403165
GLOBAL,INDNGSECUXX,2027,1.414083815
GLOBAL,INDNGSECUXX,2028,1.403839225
GLOBAL,INDNGSECUXX,2029,1.393668853
GLOBAL,INDNGSECUXX,2030,1.383572163
GLOBAL,INDNGSECUXX,2031,1.373548621
GLOBAL,INDNGSECUXX,2032,1.363597695
GLOBAL,INDNGSECUXX,2033,1.353718861
GLOBAL,INDNGSECUXX,2034,1.343911596
GLOBAL,INDNGSECUXX,2035,1.334175382
GLOBAL,INDNGSECUXX,2036,1.324509703
GLOBAL,INDNGSECUXX,2037,1.314914049
GLOBAL,INDNGSECUXX,2038,1.305387913
GLOBAL,INDNGSECUXX,2039,1.29593079
GLOBAL,INDNGSECUXX,2040,1.286542182
GLOBAL,INDNGSECUXX,2041,1.27722159
GLOBAL,INDNGSECUXX,2042,1.267968524
GLOBAL,INDNGSECUXX,2043,1.258782493
GLOBAL,INDNGSECUXX,2044,1.249663012
GLOBAL,INDNGSECUXX,2045,1.240609599
GLOBAL,INDNGSECUXX,2046,1.231621775
GLOBAL,INDNGSECUXX,2047,1.222699064
GLOBAL,INDNGSECUXX,2048,1.213840996
GLOBAL,INDNGSECUXX,2049,1.205047102
GLOBAL,INDNGSECUXX,2050,1.196316917
GLOBAL,OTHLPGECUXX,2022,15.39390177
GLOBAL,OTHLPGECUXX,2023,15.96201593
GLOBAL,OTHLPGECUXX,2024,17.15615149
GLOBAL,OTHLPGECUXX,2025,18.43962163
GLOBAL,OTHLPGECUXX,2026,19.81910954
GLOBAL,OTHLPGECUXX,2027,21.30179842
GLOBAL,OTHLPGECUXX,2028,22.89540886
GLOBAL,OTHLPGECUXX,2029,24.608239
GLOBAL,OTHLPGECUXX,2030,26.44920781
GLOBAL,OTHLPGECUXX,2031,28.42790147
GLOBAL,OTHLPGECUXX,2032,30.55462333
GLOBAL,OTHLPGECUXX,2033,32.84044754
GLOBAL,OTHLPGECUXX,2034,35.29727671
GLOBAL,OTHLPGECUXX,2035,37.93790392
GLOBAL,OTHLPGECUXX,2036,40.77607929
GLOBAL,OTHLPGECUXX,2037,43.8265816
GLOBAL,OTHLPGECUXX,2038,47.10529527
GLOBAL,OTHLPGECUXX,2039,50.62929304
GLOBAL,OTHLPGECUXX,2040,54.41692486
GLOBAL,OTHLPGECUXX,2041,58.48791349
GLOBAL,OTHLPGECUXX,2042,62.86345716
GLOBAL,OTHLPGECUXX,2043,67.56633995
GLOBAL,OTHLPGECUXX,2044,72.62105046
GLOBAL,OTHLPGECUXX,2045,78.05390929
GLOBAL,OTHLPGECUXX,2046,83.89320614
GLOBAL,OTHLPGECUXX,2047,90.16934705
GLOBAL,OTHLPGECUXX,2048,96.91501281
GLOBAL,OTHLPGECUXX,2049,104.1653291
GLOBAL,OTHLPGECUXX,2050,111.9580493
GLOBAL,OTHDSLECUXX,2022,6.150584366
GLOBAL,OTHDSLECUXX,2023,3.41966785
GLOBAL,OTHDSLECUXX,2024,3.21956168
GLOBAL,OTHDSLECUXX,2025,3.031164973
GLOBAL,OTHDSLECUXX,2026,2.853792538
GLOBAL,OTHDSLECUXX,2027,2.686799273
GLOBAL,OTHDSLECUXX,2028,2.52957783
GLOBAL,OTHDSLECUXX,2029,2.381556398
GLOBAL,OTHDSLECUXX,2030,2.242196626
GLOBAL,OTHDSLECUXX,2031,2.110991667
GLOBAL,OTHDSLECUXX,2032,1.987464331
GLOBAL,OTHDSLECUXX,2033,1.871165353
GLOBAL,OTHDSLECUXX,2034,1.761671756
GLOBAL,OTHDSLECUXX,2035,1.658585314
GLOBAL,OTHDSLECUXX,2036,1.561531106
GLOBAL,OTHDSLECUXX,2037,1.470156147
GLOBAL,OTHDSLECUXX,2038,1.384128108
GLOBAL,OTHDSLECUXX,2039,1.303134109
GLOBAL,OTHDSLECUXX,2040,1.226879576
GLOBAL,OTHDSLECUXX,2041,1.155087172
GLOBAL,OTHDSLECUXX,2042,1.087495792
GLOBAL,OTHDSLECUXX,2043,1.023859606
GLOBAL,OTHDSLECUXX,2044,0.963947172
GLOBAL,OTHDSLECUXX,2045,0.907540589
GLOBAL,OTHDSLECUXX,2046,0.854434709
GLOBAL,OTHDSLECUXX,2047,0.804436386
GLOBAL,OTHDSLECUXX,2048,0.757363777
GLOBAL,OTHDSLECUXX,2049,0.713045682
GLOBAL,OTHDSLECUXX,2050,0.671320916
GLOBAL,OTHELCECUXX02,2022,2.749248
GLOBAL,OTHELCECUXX02,2023,2.922372335
GLOBAL,OTHELCECUXX02,2024,3.153766159
GLOBAL,OTHELCECUXX02,2025,3.403481777
GLOBAL,OTHELCECUXX02,2026,3.67296991
GLOBAL,OTHELCECUXX02,2027,3.963796148
GLOBAL,OTHELCECUXX02,2028,4.277650047
GLOBAL,OTHELCECUXX02,2029,4.616354938
GLOBAL,OTHELCECUXX02,2030,4.981878527
GLOBAL,OTHELCECUXX02,2031,5.376344321
GLOBAL,OTHELCECUXX02,2032,5.802043969
GLOBAL,OTHELCECUXX02,2033,6.26145057
GLOBAL,OTHELCECUXX02,2034,6.757233046
GLOBAL,OTHELCECUXX02,2035,7.292271644
GLOBAL,OTHELCECUXX02,2036,7.869674668
GLOBAL,OTHELCECUXX02,2037,8.49279654
GLOBAL,OTHELCECUXX02,2038,9.165257282
GLOBAL,OTHELCECUXX02,2039,9.890963554
GLOBAL,OTHELCECUXX02,2040,10.67413134
GLOBAL,OTHELCECUXX02,2041,11.51931046
GLOBAL,OTHELCECUXX02,2042,12.43141097
GLOBAL,OTHELCECUXX02,2043,13.41573172
GLOBAL,OTHELCECUXX02,2044,14.47799112
GLOBAL,OTHELCECUXX02,2045,15.62436035
GLOBAL,OTHELCECUXX02,2046,16.86149925
GLOBAL,OTHELCECUXX02,2047,18.19659497
GLOBAL,OTHELCECUXX02,2048,19.63740375
GLOBAL,OTHELCECUXX02,2049,21.19229595
GLOBAL,OTHELCECUXX02,2050,22.87030472
GLOBAL,OTHGSLECUXX,2022,25.30758562
GLOBAL,OTHGSLECUXX,2023,14.24077916
GLOBAL,OTHGSLECUXX,2024,13.6172052
GLOBAL,OTHGSLECUXX,2025,13.02093625
GLOBAL,OTHGSLECUXX,2026,12.45077666
GLOBAL,OTHGSLECUXX,2027,11.90558317
GLOBAL,OTHGSLECUXX,2028,11.38426257
GLOBAL,OTHGSLECUXX,2029,10.88576951
GLOBAL,OTHGSLECUXX,2030,10.40910441
GLOBAL,OTHGSLECUXX,2031,9.953311484
GLOBAL,OTHGSLECUXX,2032,9.517476777
GLOBAL,OTHGSLECUXX,2033,9.100726361
GLOBAL,OTHGSLECUXX,2034,8.702224574
GLOBAL,OTHGSLECUXX,2035,8.321172348
GLOBAL,OTHGSLECUXX,2036,7.956805602
GLOBAL,OTHGSLECUXX,2037,7.608393715
GLOBAL,OTHGSLECUXX,2038,7.275238056
GLOBAL,OTHGSLECUXX,2039,6.956670587
GLOBAL,OTHGSLECUXX,2040,6.652052522
GLOBAL,OTHGSLECUXX,2041,6.360773045
GLOBAL,OTHGSLECUXX,2042,6.082248088
GLOBAL,OTHGSLECUXX,2043,5.815919156
GLOBAL,OTHGSLECUXX,2044,5.561252211
GLOBAL,OTHGSLECUXX,2045,5.3177366
GLOBAL,OTHGSLECUXX,2046,5.084884029
GLOBAL,OTHGSLECUXX,2047,4.862227585
GLOBAL,OTHGSLECUXX,2048,4.649320801
GLOBAL,OTHGSLECUXX,2049,4.44573676
GLOBAL,OTHGSLECUXX,2050,4.251067239
GLOBAL,OTHJFUECUXX,2022,2.729628
GLOBAL,OTHJFUECUXX,2023,1.647503395
GLOBAL,OTHJFUECUXX,2024,1.713001549
GLOBAL,OTHJFUECUXX,2025,1.781103648
GLOBAL,OTHJFUECUXX,2026,1.851913215
GLOBAL,OTHJFUECUXX,2027,1.925537886
GLOBAL,OTHJFUECUXX,2028,2.002089581
GLOBAL,OTHJFUECUXX,2029,2.081684665
GLOBAL,OTHJFUECUXX,2030,2.164444132
GLOBAL,OTHJFUECUXX,2031,2.250493785
GLOBAL,OTHJFUECUXX,2032,2.339964428
GLOBAL,OTHJFUECUXX,2033,2.432992067
GLOBAL,OTHJFUECUXX,2034,2.529718113
GLOBAL,OTHJFUECUXX,2035,2.6302896
GLOBAL,OTHJFUECUXX,2036,2.734859408
GLOBAL,OTHJFUECUXX,2037,2.843586493
GLOBAL,OTHJFUECUXX,2038,2.956636133
GLOBAL,OTHJFUECUXX,2039,3.074180176
GLOBAL,OTHJFUECUXX,2040,3.1963973
GLOBAL,OTHJFUECUXX,2041,3.323473288
GLOBAL,OTHJFUECUXX,2042,3.45560131
GLOBAL,OTHJFUECUXX,2043,3.592982215
GLOBAL,OTHJFUECUXX,2044,3.735824835
GLOBAL,OTHJFUECUXX,2045,3.884346308
GLOBAL,OTHJFUECUXX,2046,4.038772401
GLOBAL,OTHJFUECUXX,2047,4.199337859
GLOBAL,OTHJFUECUXX,2048,4.366286758
GLOBAL,OTHJFUECUXX,2049,4.539872878
GLOBAL,OTHJFUECUXX,2050,4.720360089
GLOBAL,OTHNGSECUXX,2024,2.540808701
GLOBAL,OTHNGSECUXX,2025,2.722917781
GLOBAL,OTHNGSECUXX,2026,2.918079288
GLOBAL,OTHNGSECUXX,2027,3.127228735
GLOBAL,OTHNGSECUXX,2028,3.35136869
GLOBAL,OTHNGSECUXX,2029,3.591573579
GLOBAL,OTHNGSECUXX,2030,3.848994832
GLOBAL,OTHNGSECUXX,2031,4.124866412
GLOBAL,OTHNGSECUXX,2032,4.420510719
GLOBAL,OTHNGSECUXX,2033,4.737344939
GLOBAL,OTHNGSECUXX,2034,5.076887829
GLOBAL,OTHNGSECUXX,2035,5.440767004
GLOBAL,OTHNGSECUXX,2036,5.830726735
GLOBAL,OTHNGSECUXX,2037,6.248636309
GLOBAL,OTHNGSECUXX,2038,6.696498996
GLOBAL,OTHNGSECUXX,2039,7.176461645
GLOBAL,OTHNGSECUXX,2040,7.690824978
GLOBAL,OTHNGSECUXX,2041,8.242054617
GLOBAL,OTHNGSECUXX,2042,8.832792907
GLOBAL,OTHNGSECUXX,2043,9.465871577
GLOBAL,OTHNGSECUXX,2044,10.14432532
GLOBAL,OTHNGSECUXX,2045,10.87140633
GLOBAL,OTHNGSECUXX,2046,11.6505999
GLOBAL,OTHNGSECUXX,2047,12.48564113
GLOBAL,OTHNGSECUXX,2048,13.38053284
GLOBAL,OTHNGSECUXX,2049,14.33956471
GLOBAL,OTHNGSECUXX,2050,15.36733392
GLOBAL,RESLPGECUXX,2022,64.71127185
GLOBAL,RESLPGECUXX,2023,67.49995784
GLOBAL,RESLPGECUXX,2024,69.84662427
GLOBAL,RESLPGECUXX,2025,72.27487361
GLOBAL,RESLPGECUXX,2026,74.78754213
GLOBAL,RESLPGECUXX,2027,77.38756471
GLOBAL,RESLPGECUXX,2028,80.07797824
GLOBAL,RESLPGECUXX,2029,82.86192521
GLOBAL,RESLPGECUXX,2030,85.74265735
GLOBAL,RESLPGECUXX,2031,88.72353944
GLOBAL,RESLPGECUXX,2032,91.80805324
GLOBAL,RESLPGECUXX,2033,94.99980155
GLOBAL,RESLPGECUXX,2034,98.30251242
GLOBAL,RESLPGECUXX,2035,101.7200435
GLOBAL,RESLPGECUXX,2036,105.2563866
GLOBAL,RESLPGECUXX,2037,108.9156723
GLOBAL,RESLPGECUXX,2038,112.7021747
GLOBAL,RESLPGECUXX,2039,116.6203166
GLOBAL,RESLPGECUXX,2040,120.6746744
GLOBAL,RESLPGECUXX,2041,124.8699838
GLOBAL,RESLPGECUXX,2042,129.211145
GLOBAL,RESLPGECUXX,2043,133.7032286
GLOBAL,RESLPGECUXX,2044,138.3514816
GLOBAL,RESLPGECUXX,2045,143.1613331
GLOBAL,RESLPGECUXX,2046,148.1384013
GLOBAL,RESLPGECUXX,2047,153.2884995
GLOBAL,RESLPGECUXX,2048,158.6176432
GLOBAL,RESLPGECUXX,2049,164.132057
GLOBAL,RESLPGECUXX,2050,169.8381819
GLOBAL,RESELCECUXX02,2022,28.19858421
GLOBAL,RESELCECUXX02,2023,31.1260604
GLOBAL,RESELCECUXX02,2024,32.76265482
GLOBAL,RESELCECUXX02,2025,34.48530065
GLOBAL,RESELCECUXX02,2026,36.29852243
GLOBAL,RESELCECUXX02,2027,38.2070826
GLOBAL,RESELCECUXX02,2028,40.21599402
GLOBAL,RESELCECUXX02,2029,42.33053311
GLOBAL,RESELCECUXX02,2030,44.55625373
GLOBAL,RESELCECUXX02,2031,46.89900174
GLOBAL,RESELCECUXX02,2032,49.3649304
GLOBAL,RESELCECUXX02,2033,51.9605165
GLOBAL,RESELCECUXX02,2034,54.69257736
GLOBAL,RESELCECUXX02,2035,57.56828877
GLOBAL,RESELCECUXX02,2036,60.5952038
GLOBAL,RESELCECUXX02,2037,63.78127268
GLOBAL,RESELCECUXX02,2038,67.13486365
GLOBAL,RESELCECUXX02,2039,70.66478494
GLOBAL,RESELCECUXX02,2040,74.38030792
GLOBAL,RESELCECUXX02,2041,78.29119144
GLOBAL,RESELCECUXX02,2042,82.40770749
GLOBAL,RESELCECUXX02,2043,86.74066812
GLOBAL,RESELCECUXX02,2044,91.30145389
GLOBAL,RESELCECUXX02,2045,96.10204375
GLOBAL,RESELCECUXX02,2046,101.1550465
GLOBAL,RESELCECUXX02,2047,106.4737339
GLOBAL,RESELCECUXX02,2048,112.0720755
GLOBAL,RESELCECUXX02,2049,117.9647754
GLOBAL,RESELCECUXX02,2050,124.1673108
GLOBAL,RESJFUECUXX,2024,0.001256821
GLOBAL,RESJFUECUXX,2025,0.000923917
GLOBAL,RESJFUECUXX,2026,0.000679192
GLOBAL,RESJFUECUXX,2027,0.000499289
GLOBAL,RESJFUECUXX,2028,0.000367039
GLOBAL,RESJFUECUXX,2029,0.000269818
GLOBAL,RESJFUECUXX,2030,0.000198349
GLOBAL,RESJFUECUXX,2031,0.000145811
GLOBAL,RESJFUECUXX,2032,0.000107189
GLOBAL,RESJFUECUXX,2033,7.8797e-05
GLOBAL,RESJFUECUXX,2034,5.79255e-05
GLOBAL,RESJFUECUXX,2035,4.25823e-05
GLOBAL,RESJFUECUXX,2036,3.13032e-05
GLOBAL,RESJFUECUXX,2037,2.30117e-05
GLOBAL,RESJFUECUXX,2038,1.69164e-05
GLOBAL,RESJFUECUXX,2039,1.24356e-05
GLOBAL,RESJFUECUXX,2040,9.1417e-06
GLOBAL,RESJFUECUXX,2041,6.72027e-06
GLOBAL,RESJFUECUXX,2042,4.94022e-06
GLOBAL,RESJFUECUXX,2043,3.63167e-06
GLOBAL,RESJFUECUXX,2044,2.66972e-06
GLOBAL,RESJFUECUXX,2045,1.96257e-06
GLOBAL,RESJFUECUXX,2046,1.44273e-06
GLOBAL,RESJFUECUXX,2047,1.06058e-06
GLOBAL,RESJFUECUXX,2048,7.79657e-07
GLOBAL,RESJFUECUXX,2049,5.73144e-07
GLOBAL,RESJFUECUXX,2050,4.21331e-07
GLOBAL,RESNGSECUXX,2023,0.042357756
GLOBAL,RESNGSECUXX,2024,0.056518138
GLOBAL,RESNGSECUXX,2025,0.075412399
GLOBAL,RESNGSECUXX,2026,0.100623093
GLOBAL,RESNGSECUXX,2027,0.134261832
GLOBAL,RESNGSECUXX,2028,0.179146149
GLOBAL,RESNGSECUXX,2029,0.239035489
GLOBAL,RESNGSECUXX,2030,0.318946097
GLOBAL,RESNGSECUXX,2031,0.42557117
GLOBAL,RESNGSECUXX,2032,0.56784147
GLOBAL,RESNGSECUXX,2033,0.757673353
GLOBAL,RESNGSECUXX,2034,1.010966864
GLOBAL,RESNGSECUXX,2035,1.348937501
GLOBAL,RESNGSECUXX,2036,1.799893198
GLOBAL,RESNGSECUXX,2037,2.401605353
GLOBAL,RESNGSECUXX,2038,3.20447251
GLOBAL,RESNGSECUXX,2039,4.275741662
GLOBAL,RESNGSECUXX,2040,5.705140771
GLOBAL,RESNGSECUXX,2041,7.612394243
GLOBAL,RESNGSECUXX,2042,10.15725088
GLOBAL,RESNGSECUXX,2043,13.5528642
GLOBAL,RESNGSECUXX,2044,18.08364588
GLOBAL,RESNGSECUXX,2045,24.12908767
GLOBAL,RESNGSECUXX,2046,32.19554704
GLOBAL,RESNGSECUXX,2047,42.958659
GLOBAL,RESNGSECUXX,2048,57.31992629
GLOBAL,RESNGSECUXX,2049,76.48222794
GLOBAL,RESNGSECUXX,2050,102.0505707
GLOBAL,TRALPGECUXX,2022,1.942616312
GLOBAL,TRALPGECUXX,2023,1.764535786
GLOBAL,TRALPGECUXX,2024,1.896254511
GLOBAL,TRALPGECUXX,2025,2.03780575
GLOBAL,TRALPGECUXX,2026,2.189923478
GLOBAL,TRALPGECUXX,2027,2.353396461
GLOBAL,TRALPGECUXX,2028,2.529072344
GLOBAL,TRALPGECUXX,2029,2.717862046
GLOBAL,TRALPGECUXX,2030,2.920744484
GLOBAL,TRALPGECUXX,2031,3.138771652
GLOBAL,TRALPGECUXX,2032,3.37307407
GLOBAL,TRALPGECUXX,2033,3.624866648
GLOBAL,TRALPGECUXX,2034,3.895454991
GLOBAL,TRALPGECUXX,2035,4.186242159
GLOBAL,TRALPGECUXX,2036,4.498735952
GLOBAL,TRALPGECUXX,2037,4.834556721
GLOBAL,TRALPGECUXX,2038,5.195445773
GLOBAL,TRALPGECUXX,2039,5.583274402
GLOBAL,TRALPGECUXX,2040,6.000053586
GLOBAL,TRALPGECUXX,2041,6.447944422
GLOBAL,TRALPGECUXX,2042,6.929269327
GLOBAL,TRALPGECUXX,2043,7.446524079
GLOBAL,TRALPGECUXX,2044,8.002390765
GLOBAL,TRALPGECUXX,2045,8.599751678
GLOBAL,TRALPGECUXX,2046,9.241704273
GLOBAL,TRALPGECUXX,2047,9.931577221
GLOBAL,TRALPGECUXX,2048,10.67294767
GLOBAL,TRALPGECUXX,2049,11.4696598
GLOBAL,TRALPGECUXX,2050,12.32584474
GLOBAL,TRADSLECUXX,2022,151.5296553
GLOBAL,TRADSLECUXX,2023,165.4491308
GLOBAL,TRADSLECUXX,2024,175.160649
GLOBAL,TRADSLECUXX,2025,185.442213
GLOBAL,TRADSLECUXX,2026,196.3272833
GLOBAL,TRADSLECUXX,2027,207.8512845
GLOBAL,TRADSLECUXX,2028,220.0517205
GLOBAL,TRADSLECUXX,2029,232.9682966
GLOBAL,TRADSLECUXX,2030,246.6430487
GLOBAL,TRADSLECUXX,2031,261.1204802
GLOBAL,TRADSLECUXX,2032,276.4477066
GLOBAL,TRADSLECUXX,2033,292.6746092
GLOBAL,TRADSLECUXX,2034,309.853997
GLOBAL,TRADSLECUXX,2035,328.041779
GLOBAL,TRADSLECUXX,2036,347.2971458
GLOBAL,TRADSLECUXX,2037,367.6827624
GLOBAL,TRADSLECUXX,2038,389.2649721
GLOBAL,TRADSLECUXX,2039,412.1140124
GLOBAL,TRADSLECUXX,2040,436.3042436
GLOBAL,TRADSLECUXX,2041,461.9143908
GLOBAL,TRADSLECUXX,2042,489.0278001
GLOBAL,TRADSLECUXX,2043,517.7327099
GLOBAL,TRADSLECUXX,2044,548.1225379
GLOBAL,TRADSLECUXX,2045,580.2961853
GLOBAL,TRADSLECUXX,2046,614.3583585
GLOBAL,TRADSLECUXX,2047,650.4199101
GLOBAL,TRADSLECUXX,2048,688.5981994
GLOBAL,TRADSLECUXX,2049,729.0174745
GLOBAL,TRADSLECUXX,2050,771.8092766
GLOBAL,TRAELCECUXX02,2022,0.040392
GLOBAL,TRAELCECUXX02,2023,0.084092129
GLOBAL,TRAELCECUXX02,2024,0.090742525
GLOBAL,TRAELCECUXX02,2025,0.097918866
GLOBAL,TRAELCECUXX02,2026,0.105662744
GLOBAL,TRAELCECUXX02,2027,0.114019045
GLOBAL,TRAELCECUXX02,2028,0.1230362
GLOBAL,TRAELCECUXX02,2029,0.132766474
GLOBAL,TRAELCECUXX02,2030,0.143266264
GLOBAL,TRAELCECUXX02,2031,0.154596425
GLOBAL,TRAELCECUXX02,2032,0.166822628
GLOBAL,TRAELCECUXX02,2033,0.180015736
GLOBAL,TRAELCECUXX02,2034,0.194252217
GLOBAL,TRAELCECUXX02,2035,0.209614584
GLOBAL,TRAELCECUXX02,2036,0.226191879
GLOBAL,TRAELCECUXX02,2037,0.244080183
GLOBAL,TRAELCECUXX02,2038,0.263383177
GLOBAL,TRAELCECUXX02,2039,0.284212742
GLOBAL,TRAELCECUXX02,2040,0.306689606
GLOBAL,TRAELCECUXX02,2041,0.330944044
GLOBAL,TRAELCECUXX02,2042,0.357116636
GLOBAL,TRAELCECUXX02,2043,0.385359078
GLOBAL,TRAELCECUXX02,2044,0.415835063
GLOBAL,TRAELCECUXX02,2045,0.448721231
GLOBAL,TRAELCECUXX02,2046,0.48420819
GLOBAL,TRAELCECUXX02,2047,0.522501622
GLOBAL,TRAELCECUXX02,2048,0.563823477
GLOBAL,TRAELCECUXX02,2049,0.608413256
GLOBAL,TRAELCECUXX02,2050,0.656529402
GLOBAL,TRAFOIECUXX,2024,0.263483216
GLOBAL,TRAFOIECUXX,2025,0.254709892
GLOBAL,TRAFOIECUXX,2026,0.246228698
GLOBAL,TRAFOIECUXX,2027,0.238029906
GLOBAL,TRAFOIECUXX,2028,0.230104113
GLOBAL,TRAFOIECUXX,2029,0.22244223
GLOBAL,TRAFOIECUXX,2030,0.215035467
GLOBAL,TRAFOIECUXX,2031,0.207875331
GLOBAL,TRAFOIECUXX,2032,0.200953609
GLOBAL,TRAFOIECUXX,2033,0.194262363
GLOBAL,TRAFOIECUXX,2034,0.187793918
GLOBAL,TRAFOIECUXX,2035,0.181540857
GLOBAL,TRAFOIECUXX,2036,0.175496006
GLOBAL,TRAFOIECUXX,2037,0.169652434
GLOBAL,TRAFOIECUXX,2038,0.164003438
GLOBAL,TRAFOIECUXX,2039,0.158542539
GLOBAL,TRAFOIECUXX,2040,0.153263474
GLOBAL,TRAFOIECUXX,2041,0.148160188
GLOBAL,TRAFOIECUXX,2042,0.14322683
GLOBAL,TRAFOIECUXX,2043,0.138457739
GLOBAL,TRAFOIECUXX,2044,0.133847447
GLOBAL,TRAFOIECUXX,2045,0.129390666
GLOBAL,TRAFOIECUXX,2046,0.125082285
GLOBAL,TRAFOIECUXX,2047,0.120917362
GLOBAL,TRAFOIECUXX,2048,0.11689112
GLOBAL,TRAFOIECUXX,2049,0.112998942
GLOBAL,TRAFOIECUXX,2050,0.109236363
GLOBAL,TRAGSLECUXX,2022,154.0084797
GLOBAL,TRAGSLECUXX,2023,168.6745953
GLOBAL,TRAGSLECUXX,2024,178.3392639
GLOBAL,TRAGSLECUXX,2025,188.5576959
GLOBAL,TRAGSLECUXX,2026,199.3616207
GLOBAL,TRAGSLECUXX,2027,210.7845857
GLOBAL,TRAGSLECUXX,2028,222.8620605
GLOBAL,TRAGSLECUXX,2029,235.631547
GLOBAL,TRAGSLECUXX,2030,249.1326959
GLOBAL,TRAGSLECUXX,2031,263.4074297
GLOBAL,TRAGSLECUXX,2032,278.5000731
GLOBAL,TRAGSLECUXX,2033,294.4574905
GLOBAL,TRAGSLECUXX,2034,311.3292314
GLOBAL,TRAGSLECUXX,2035,329.1676844
GLOBAL,TRAGSLECUXX,2036,348.0282401
GLOBAL,TRAGSLECUXX,2037,367.9694624
GLOBAL,TRAGSLECUXX,2038,389.0532712
GLOBAL,TRAGSLECUXX,2039,411.3451341
GLOBAL,TRAGSLECUXX,2040,434.9142697
GLOBAL,TRAGSLECUXX,2041,459.8338629
GLOBAL,TRAGSLECUXX,2042,486.1812918
GLOBAL,TRAGSLECUXX,2043,514.0383681
GLOBAL,TRAGSLECUXX,2044,543.4915912
GLOBAL,TRAGSLECUXX,2045,574.6324166
GLOBAL,TRAGSLECUXX,2046,607.5575402
GLOBAL,TRAGSLECUXX,2047,642.369198
GLOBAL,TRAGSLECUXX,2048,679.1754842
GLOBAL,TRAGSLECUXX,2049,718.0906865
GLOBAL,TRAGSLECUXX,2050,759.2356408
GLOBAL,TRAJFUECUXX,2023,5.94146376
GLOBAL,TRAJFUECUXX,2024,5.820569722
GLOBAL,TRAJFUECUXX,2025,5.702135577
GLOBAL,TRAJFUECUXX,2026,5.586111274
GLOBAL,TRAJFUECUXX,2027,5.472447777
GLOBAL,TRAJFUECUXX,2028,5.36109705
GLOBAL,TRAJFUECUXX,2029,5.252012034
GLOBAL,TRAJFUECUXX,2030,5.145146627
GLOBAL,TRAJFUECUXX,2031,5.040455666
GLOBAL,TRAJFUECUXX,2032,4.937894906
GLOBAL,TRAJFUECUXX,2033,4.837421003
GLOBAL,TRAJFUECUXX,2034,4.738991494
GLOBAL,TRAJFUECUXX,2035,4.642564782
GLOBAL,TRAJFUECUXX,2036,4.548100114
GLOBAL,TRAJFUECUXX,2037,4.455557567
GLOBAL,TRAJFUECUXX,2038,4.364898031
GLOBAL,TRAJFUECUXX,2039,4.276083192
GLOBAL,TRAJFUECUXX,2040,4.189075514
GLOBAL,TRAJFUECUXX,2041,4.103838227
GLOBAL,TRAJFUECUXX,2042,4.020335307
GLOBAL,TRAJFUECUXX,2043,3.938531464
GLOBAL,TRAJFUECUXX,2044,3.858392126
GLOBAL,TRAJFUECUXX,2045,3.779883424
GLOBAL,TRAJFUECUXX,2046,3.70297218
GLOBAL,TRAJFUECUXX,2047,3.627625889
GLOBAL,TRAJFUECUXX,2048,3.553812708
GLOBAL,TRAJFUECUXX,2049,3.481501441
GLOBAL,TRAJFUECUXX,2050,3.41066153
