REGION,TECHNOLOGY,YEAR,VALUE
CR,Techs_SUVMIV,2018,4.8899
CR,Techs_SUVMIV,2019,4.9934
CR,Techs_SUVMIV,2020,4.9934
CR,Techs_SUVMIV,2021,4.9934
CR,Techs_SUVMIV,2022,4.9966
CR,Techs_SUVMIV,2023,5.1338
CR,Techs_SUVMIV,2024,5.2749
CR,Techs_SUVMIV,2025,5.4192
CR,Techs_SUVMIV,2026,5.5666
CR,Techs_SUVMIV,2027,5.7173
CR,Techs_SUVMIV,2028,5.8714
CR,Techs_SUVMIV,2029,6.0288
CR,Techs_SUVMIV,2030,6.1897
CR,Techs_SUVMIV,2031,6.3539
CR,Techs_SUVMIV,2032,6.5218
CR,Techs_SUVMIV,2033,6.6931
CR,Techs_SUVMIV,2034,6.8681
CR,Techs_SUVMIV,2035,7.0467
CR,Techs_SUVMIV,2036,7.2291
CR,Techs_SUVMIV,2037,7.4151
CR,Techs_SUVMIV,2038,7.605
CR,Techs_SUVMIV,2039,7.7987
CR,Techs_SUVMIV,2040,7.9963
CR,Techs_SUVMIV,2041,8.1979
CR,Techs_SUVMIV,2042,8.4034
CR,Techs_SUVMIV,2043,8.6129
CR,Techs_SUVMIV,2044,8.8266
CR,Techs_SUVMIV,2045,9.0442
CR,Techs_SUVMIV,2046,9.2662
CR,Techs_SUVMIV,2047,9.4923
CR,Techs_SUVMIV,2048,9.7227
CR,Techs_SUVMIV,2049,9.9573
CR,Techs_SUVMIV,2050,10.1963
CR,Techs_Sedan,2018,9.6971
CR,Techs_Sedan,2019,9.902
CR,Techs_Sedan,2020,9.902
CR,Techs_Sedan,2021,9.902
CR,Techs_Sedan,2022,9.9083
CR,Techs_Sedan,2023,10.1805
CR,Techs_Sedan,2024,10.4603
CR,Techs_Sedan,2025,10.7463
CR,Techs_Sedan,2026,11.0388
CR,Techs_Sedan,2027,11.3377
CR,Techs_Sedan,2028,11.6432
CR,Techs_Sedan,2029,11.9553
CR,Techs_Sedan,2030,12.2742
CR,Techs_Sedan,2031,12.6001
CR,Techs_Sedan,2032,12.9328
CR,Techs_Sedan,2033,13.2726
CR,Techs_Sedan,2034,13.6195
CR,Techs_Sedan,2035,13.9739
CR,Techs_Sedan,2036,14.3353
CR,Techs_Sedan,2037,14.7044
CR,Techs_Sedan,2038,15.0809
CR,Techs_Sedan,2039,15.465
CR,Techs_Sedan,2040,15.8569
CR,Techs_Sedan,2041,16.2566
CR,Techs_Sedan,2042,16.6641
CR,Techs_Sedan,2043,17.0797
CR,Techs_Sedan,2044,17.5033
CR,Techs_Sedan,2045,17.9351
CR,Techs_Sedan,2046,18.3751
CR,Techs_Sedan,2047,18.8236
CR,Techs_Sedan,2048,19.2803
CR,Techs_Sedan,2049,19.7456
CR,Techs_Sedan,2050,20.2195
CR,Techs_Motos,2018,3.3039
CR,Techs_Motos,2019,3.3745
CR,Techs_Motos,2020,3.3745
CR,Techs_Motos,2021,3.3745
CR,Techs_Motos,2022,3.3766
CR,Techs_Motos,2023,3.4693
CR,Techs_Motos,2024,3.5647
CR,Techs_Motos,2025,3.6623
CR,Techs_Motos,2026,3.7618
CR,Techs_Motos,2027,3.8638
CR,Techs_Motos,2028,3.9679
CR,Techs_Motos,2029,4.0742
CR,Techs_Motos,2030,4.1829
CR,Techs_Motos,2031,4.2939
CR,Techs_Motos,2032,4.4073
CR,Techs_Motos,2033,4.5232
CR,Techs_Motos,2034,4.6414
CR,Techs_Motos,2035,4.762
CR,Techs_Motos,2036,4.8853
CR,Techs_Motos,2037,5.011
CR,Techs_Motos,2038,5.1394
CR,Techs_Motos,2039,5.2703
CR,Techs_Motos,2040,5.4038
CR,Techs_Motos,2041,5.5401
CR,Techs_Motos,2042,5.6789
CR,Techs_Motos,2043,5.8205
CR,Techs_Motos,2044,5.9649
CR,Techs_Motos,2045,6.112
CR,Techs_Motos,2046,6.262
CR,Techs_Motos,2047,6.4148
CR,Techs_Motos,2048,6.5705
CR,Techs_Motos,2049,6.729
CR,Techs_Motos,2050,6.8905
CR,Techs_Buses,2018,0.4395
CR,Techs_Buses,2019,0.4487
CR,Techs_Buses,2020,0.4487
CR,Techs_Buses,2021,0.4487
CR,Techs_Buses,2022,0.449
CR,Techs_Buses,2023,0.4614
CR,Techs_Buses,2024,0.474
CR,Techs_Buses,2025,0.487
CR,Techs_Buses,2026,0.5003
CR,Techs_Buses,2027,0.5138
CR,Techs_Buses,2028,0.5276
CR,Techs_Buses,2029,0.5418
CR,Techs_Buses,2030,0.5562
CR,Techs_Buses,2031,0.571
CR,Techs_Buses,2032,0.5861
CR,Techs_Buses,2033,0.6015
CR,Techs_Buses,2034,0.6172
CR,Techs_Buses,2035,0.6333
CR,Techs_Buses,2036,0.6496
CR,Techs_Buses,2037,0.6664
CR,Techs_Buses,2038,0.6835
CR,Techs_Buses,2039,0.7008
CR,Techs_Buses,2040,0.7186
CR,Techs_Buses,2041,0.7367
CR,Techs_Buses,2042,0.7552
CR,Techs_Buses,2043,0.774
CR,Techs_Buses,2044,0.7932
CR,Techs_Buses,2045,0.8127
CR,Techs_Buses,2046,0.8327
CR,Techs_Buses,2047,0.853
CR,Techs_Buses,2048,0.8738
CR,Techs_Buses,2049,0.8949
CR,Techs_Buses,2050,0.9163
CR,Techs_Microbuses,2018,0.4044
CR,Techs_Microbuses,2019,0.4129
CR,Techs_Microbuses,2020,0.4129
CR,Techs_Microbuses,2021,0.4129
CR,Techs_Microbuses,2022,0.4131
CR,Techs_Microbuses,2023,0.4245
CR,Techs_Microbuses,2024,0.4361
CR,Techs_Microbuses,2025,0.448
CR,Techs_Microbuses,2026,0.4603
CR,Techs_Microbuses,2027,0.4727
CR,Techs_Microbuses,2028,0.4855
CR,Techs_Microbuses,2029,0.4984
CR,Techs_Microbuses,2030,0.5118
CR,Techs_Microbuses,2031,0.5254
CR,Techs_Microbuses,2032,0.5392
CR,Techs_Microbuses,2033,0.5534
CR,Techs_Microbuses,2034,0.5678
CR,Techs_Microbuses,2035,0.5827
CR,Techs_Microbuses,2036,0.5977
CR,Techs_Microbuses,2037,0.6131
CR,Techs_Microbuses,2038,0.6288
CR,Techs_Microbuses,2039,0.6448
CR,Techs_Microbuses,2040,0.6611
CR,Techs_Microbuses,2041,0.6778
CR,Techs_Microbuses,2042,0.6948
CR,Techs_Microbuses,2043,0.7122
CR,Techs_Microbuses,2044,0.7298
CR,Techs_Microbuses,2045,0.7478
CR,Techs_Microbuses,2046,0.7662
CR,Techs_Microbuses,2047,0.7849
CR,Techs_Microbuses,2048,0.8039
CR,Techs_Microbuses,2049,0.8233
CR,Techs_Microbuses,2050,0.843
CR,Techs_Taxis,2018,0.5574
CR,Techs_Taxis,2019,0.5694
CR,Techs_Taxis,2020,0.5694
CR,Techs_Taxis,2021,0.5694
CR,Techs_Taxis,2022,0.5698
CR,Techs_Taxis,2023,0.5855
CR,Techs_Taxis,2024,0.6016
CR,Techs_Taxis,2025,0.618
CR,Techs_Taxis,2026,0.6349
CR,Techs_Taxis,2027,0.6521
CR,Techs_Taxis,2028,0.6696
CR,Techs_Taxis,2029,0.6876
CR,Techs_Taxis,2030,0.7059
CR,Techs_Taxis,2031,0.7247
CR,Techs_Taxis,2032,0.7438
CR,Techs_Taxis,2033,0.7634
CR,Techs_Taxis,2034,0.7833
CR,Techs_Taxis,2035,0.8037
CR,Techs_Taxis,2036,0.8245
CR,Techs_Taxis,2037,0.8457
CR,Techs_Taxis,2038,0.8673
CR,Techs_Taxis,2039,0.8894
CR,Techs_Taxis,2040,0.9119
CR,Techs_Taxis,2041,0.935
CR,Techs_Taxis,2042,0.9584
CR,Techs_Taxis,2043,0.9822
CR,Techs_Taxis,2044,1.0067
CR,Techs_Taxis,2045,1.0315
CR,Techs_Taxis,2046,1.0568
CR,Techs_Taxis,2047,1.0825
CR,Techs_Taxis,2048,1.1089
CR,Techs_Taxis,2049,1.1355
CR,Techs_Taxis,2050,1.1628
CR,Techs_Trains,2018,0.1
CR,Techs_Trains,2019,0.1
CR,Techs_Trains,2020,0.1
CR,Techs_Trains,2021,0.1
CR,Techs_Trains,2022,0.1
CR,Techs_Trains,2023,0.1
CR,Techs_Trains,2024,0.1
CR,Techs_Trains,2025,0.1
CR,Techs_Trains,2026,0.1
CR,Techs_Trains,2027,0.1
CR,Techs_Trains,2028,0.1
CR,Techs_Trains,2029,0.1
CR,Techs_Trains,2030,0.1
CR,Techs_Trains,2031,0.1
CR,Techs_Trains,2032,0.1
CR,Techs_Trains,2033,0.1
CR,Techs_Trains,2034,0.1
CR,Techs_Trains,2035,0.1
CR,Techs_Trains,2036,0.1
CR,Techs_Trains,2037,0.1
CR,Techs_Trains,2038,0.1
CR,Techs_Trains,2039,0.1
CR,Techs_Trains,2040,0.1
CR,Techs_Trains,2041,0.1
CR,Techs_Trains,2042,0.1
CR,Techs_Trains,2043,0.1
CR,Techs_Trains,2044,0.1
CR,Techs_Trains,2045,0.1
CR,Techs_Trains,2046,0.1
CR,Techs_Trains,2047,0.1
CR,Techs_Trains,2048,0.1
CR,Techs_Trains,2049,0.1
CR,Techs_Trains,2050,0.1
CR,Techs_Trains_Freight,2018,0.0
CR,Techs_Trains_Freight,2019,0.0
CR,Techs_Trains_Freight,2020,0.0
CR,Techs_Trains_Freight,2021,0.0
CR,Techs_Trains_Freight,2022,0.0
CR,Techs_Trains_Freight,2023,0.0
CR,Techs_Trains_Freight,2024,0.0
CR,Techs_Trains_Freight,2025,0.0
CR,Techs_Trains_Freight,2026,0.0
CR,Techs_Trains_Freight,2027,0.0
CR,Techs_Trains_Freight,2028,0.0
CR,Techs_Trains_Freight,2029,0.0
CR,Techs_Trains_Freight,2030,0.0
CR,Techs_Trains_Freight,2031,0.0
CR,Techs_Trains_Freight,2032,0.0
CR,Techs_Trains_Freight,2033,0.0
CR,Techs_Trains_Freight,2034,0.0
CR,Techs_Trains_Freight,2035,0.0
CR,Techs_Trains_Freight,2036,0.0
CR,Techs_Trains_Freight,2037,0.0
CR,Techs_Trains_Freight,2038,0.0
CR,Techs_Trains_Freight,2039,0.0
CR,Techs_Trains_Freight,2040,0.0
CR,Techs_Trains_Freight,2041,0.0
CR,Techs_Trains_Freight,2042,0.0
CR,Techs_Trains_Freight,2043,0.0
CR,Techs_Trains_Freight,2044,0.0
CR,Techs_Trains_Freight,2045,0.0
CR,Techs_Trains_Freight,2046,0.0
CR,Techs_Trains_Freight,2047,0.0
CR,Techs_Trains_Freight,2048,0.0
CR,Techs_Trains_Freight,2049,0.0
CR,Techs_Trains_Freight,2050,0.0
CR,Techs_He_Freight,2018,1.8872
CR,Techs_He_Freight,2019,1.9312
CR,Techs_He_Freight,2020,1.9312
CR,Techs_He_Freight,2021,1.9312
CR,Techs_He_Freight,2022,1.9964
CR,Techs_He_Freight,2023,2.0572
CR,Techs_He_Freight,2024,2.1198
CR,Techs_He_Freight,2025,2.1843
CR,Techs_He_Freight,2026,2.2509
CR,Techs_He_Freight,2027,2.3195
CR,Techs_He_Freight,2028,2.3901
CR,Techs_He_Freight,2029,2.4628
CR,Techs_He_Freight,2030,2.5378
CR,Techs_He_Freight,2031,2.6151
CR,Techs_He_Freight,2032,2.6947
CR,Techs_He_Freight,2033,2.7768
CR,Techs_He_Freight,2034,2.8613
CR,Techs_He_Freight,2035,2.9485
CR,Techs_He_Freight,2036,3.0383
CR,Techs_He_Freight,2037,3.1307
CR,Techs_He_Freight,2038,3.226
CR,Techs_He_Freight,2039,3.3243
CR,Techs_He_Freight,2040,3.4255
CR,Techs_He_Freight,2041,3.5298
CR,Techs_He_Freight,2042,3.6373
CR,Techs_He_Freight,2043,3.7481
CR,Techs_He_Freight,2044,3.8622
CR,Techs_He_Freight,2045,3.9798
CR,Techs_He_Freight,2046,4.101
CR,Techs_He_Freight,2047,4.2258
CR,Techs_He_Freight,2048,4.3545
CR,Techs_He_Freight,2049,4.4871
CR,Techs_He_Freight,2050,4.6238
CR,Techs_Li_Freight,2018,3.4312
CR,Techs_Li_Freight,2019,3.5113
CR,Techs_Li_Freight,2020,3.5113
CR,Techs_Li_Freight,2021,3.5113
CR,Techs_Li_Freight,2022,3.6297
CR,Techs_Li_Freight,2023,3.7402
CR,Techs_Li_Freight,2024,3.8542
CR,Techs_Li_Freight,2025,3.9715
CR,Techs_Li_Freight,2026,4.0924
CR,Techs_Li_Freight,2027,4.2171
CR,Techs_Li_Freight,2028,4.3454
CR,Techs_Li_Freight,2029,4.4777
CR,Techs_Li_Freight,2030,4.6141
CR,Techs_Li_Freight,2031,4.7546
CR,Techs_Li_Freight,2032,4.8994
CR,Techs_Li_Freight,2033,5.0485
CR,Techs_Li_Freight,2034,5.2023
CR,Techs_Li_Freight,2035,5.3607
CR,Techs_Li_Freight,2036,5.5239
CR,Techs_Li_Freight,2037,5.6922
CR,Techs_Li_Freight,2038,5.8655
CR,Techs_Li_Freight,2039,6.044
CR,Techs_Li_Freight,2040,6.2281
CR,Techs_Li_Freight,2041,6.4177
CR,Techs_Li_Freight,2042,6.6132
CR,Techs_Li_Freight,2043,6.8145
CR,Techs_Li_Freight,2044,7.022
CR,Techs_Li_Freight,2045,7.2358
CR,Techs_Li_Freight,2046,7.4562
CR,Techs_Li_Freight,2047,7.6833
CR,Techs_Li_Freight,2048,7.9172
CR,Techs_Li_Freight,2049,8.1583
CR,Techs_Li_Freight,2050,8.4066
CR,PPHDAM,2018,1.13
CR,PPHDAM,2019,1.13
CR,PPHDAM,2020,1.13
CR,PPHDAM,2021,1.13
CR,PPHDAM,2022,1.13
CR,PPHDAM,2023,1.13
CR,PPHDAM,2024,1.13
CR,PPHDAM,2025,1.13
CR,PPHDAM,2026,1.13
CR,PPHDAM,2027,1.13
CR,PPHDAM,2028,1.13
CR,PPHDAM,2029,1.13
CR,PPHDAM,2030,1.13
CR,PPHDAM,2031,1.13
CR,PPHDAM,2032,1.13
CR,PPHDAM,2033,1.13
CR,PPHDAM,2034,1.13
CR,PPHDAM,2035,1.13
CR,PPHDAM,2036,1.13
CR,PPHDAM,2037,1.13
CR,PPHDAM,2038,1.13
CR,PPHDAM,2039,1.13
CR,PPHDAM,2040,1.13
CR,PPHDAM,2041,1.13
CR,PPHDAM,2042,1.13
CR,PPHDAM,2043,1.13
CR,PPHDAM,2044,1.13
CR,PPHDAM,2045,1.13
CR,PPHDAM,2046,1.13
CR,PPHDAM,2047,1.13
CR,PPHDAM,2048,1.13
CR,PPHDAM,2049,1.13
CR,PPHDAM,2050,1.13
CR,PPHROR,2018,1.21
CR,PPHROR,2019,1.21
CR,PPHROR,2020,1.23
CR,PPHROR,2021,1.23
CR,PPHROR,2022,1.23
CR,PPHROR,2023,1.23
CR,PPHROR,2024,1.23
CR,PPHROR,2025,1.23
CR,PPHROR,2026,1.23
CR,PPHROR,2027,1.23
CR,PPHROR,2028,1.23
CR,PPHROR,2029,1.23
CR,PPHROR,2030,1.23
CR,PPHROR,2031,1.23
CR,PPHROR,2032,1.23
CR,PPHROR,2033,1.23
CR,PPHROR,2034,1.23
CR,PPHROR,2035,1.23
CR,PPHROR,2036,1.23
CR,PPHROR,2037,1.23
CR,PPHROR,2038,1.23
CR,PPHROR,2039,1.23
CR,PPHROR,2040,1.23
CR,PPHROR,2041,1.23
CR,PPHROR,2042,1.23
CR,PPHROR,2043,1.23
CR,PPHROR,2044,1.23
CR,PPHROR,2045,1.23
CR,PPHROR,2046,1.23
CR,PPHROR,2047,1.23
CR,PPHROR,2048,1.23
CR,PPHROR,2049,1.23
CR,PPHROR,2050,1.23
CR,PPGEO,2018,0.206
CR,PPGEO,2019,0.261
CR,PPGEO,2020,0.261
CR,PPGEO,2021,0.261
CR,PPGEO,2022,0.261
CR,PPGEO,2023,0.261
CR,PPGEO,2024,0.261
CR,PPGEO,2025,0.261
CR,PPGEO,2026,0.316
CR,PPGEO,2027,0.316
CR,PPGEO,2028,0.316
CR,PPGEO,2029,0.316
CR,PPGEO,2030,0.406
CR,PPGEO,2031,0.406
CR,PPGEO,2032,0.406
CR,PPGEO,2033,0.406
CR,PPGEO,2034,0.406
CR,PPGEO,2035,0.406
CR,PPGEO,2036,0.406
CR,PPGEO,2037,0.406
CR,PPGEO,2038,0.406
CR,PPGEO,2039,0.406
CR,PPGEO,2040,0.406
CR,PPGEO,2041,0.406
CR,PPGEO,2042,0.406
CR,PPGEO,2043,0.406
CR,PPGEO,2044,0.406
CR,PPGEO,2045,0.406
CR,PPGEO,2046,0.406
CR,PPGEO,2047,0.406
CR,PPGEO,2048,0.406
CR,PPGEO,2049,0.406
CR,PPGEO,2050,0.406
CR,PPWNDON,2018,0.39
CR,PPWNDON,2019,0.411
CR,PPWNDON,2020,0.4645
CR,PPWNDON,2021,0.5181
CR,PPWNDON,2022,0.5716
CR,PPWNDON,2023,0.6252
CR,PPWNDON,2024,0.6787
CR,PPWNDON,2025,0.7323
CR,PPWNDON,2026,0.7858
CR,PPWNDON,2027,0.8394
CR,PPWNDON,2028,0.8929
CR,PPWNDON,2029,0.9465
CR,PPWNDON,2030,1.0
CR,PPWNDON,2031,1.2
CR,PPWNDON,2032,1.4
CR,PPWNDON,2033,1.6
CR,PPWNDON,2034,1.8
CR,PPWNDON,2035,2.0
CR,PPWNDON,2036,2.2
CR,PPWNDON,2037,2.4
CR,PPWNDON,2038,2.6
CR,PPWNDON,2039,2.8
CR,PPWNDON,2040,3.0
CR,PPWNDON,2041,3.2
CR,PPWNDON,2042,3.4
CR,PPWNDON,2043,3.6
CR,PPWNDON,2044,3.8
CR,PPWNDON,2045,4.0
CR,PPWNDON,2046,4.2
CR,PPWNDON,2047,4.4
CR,PPWNDON,2048,4.6
CR,PPWNDON,2049,4.8
CR,PPWNDON,2050,5.0
CR,PPPVT,2018,0.0054
CR,PPPVT,2019,0.04
CR,PPPVT,2020,0.05
CR,PPPVT,2021,0.06
CR,PPPVT,2022,0.07
CR,PPPVT,2023,0.08
CR,PPPVT,2024,0.09
CR,PPPVT,2025,0.1
CR,PPPVT,2026,0.176
CR,PPPVT,2027,0.252
CR,PPPVT,2028,0.328
CR,PPPVT,2029,0.404
CR,PPPVT,2030,0.48
CR,PPPVT,2031,0.556
CR,PPPVT,2032,0.632
CR,PPPVT,2033,0.708
CR,PPPVT,2034,0.784
CR,PPPVT,2035,0.86
CR,PPPVT,2036,0.936
CR,PPPVT,2037,1.012
CR,PPPVT,2038,1.088
CR,PPPVT,2039,1.164
CR,PPPVT,2040,1.24
CR,PPPVT,2041,1.316
CR,PPPVT,2042,1.392
CR,PPPVT,2043,1.468
CR,PPPVT,2044,1.544
CR,PPPVT,2045,1.62
CR,PPPVT,2046,1.696
CR,PPPVT,2047,1.772
CR,PPPVT,2048,1.848
CR,PPPVT,2049,1.924
CR,PPPVT,2050,2.0
CR,PPPVTHYD,2018,0.0
CR,PPPVTHYD,2019,0.0
CR,PPPVTHYD,2020,0.0
CR,PPPVTHYD,2021,0.0
CR,PPPVTHYD,2022,0.25
CR,PPPVTHYD,2023,0.5
CR,PPPVTHYD,2024,0.75
CR,PPPVTHYD,2025,1.0
CR,PPPVTHYD,2026,1.25
CR,PPPVTHYD,2027,1.5
CR,PPPVTHYD,2028,1.75
CR,PPPVTHYD,2029,2.0
CR,PPPVTHYD,2030,2.25
CR,PPPVTHYD,2031,2.5
CR,PPPVTHYD,2032,2.75
CR,PPPVTHYD,2033,3.0
CR,PPPVTHYD,2034,3.25
CR,PPPVTHYD,2035,3.5
CR,PPPVTHYD,2036,3.75
CR,PPPVTHYD,2037,4.0
CR,PPPVTHYD,2038,4.25
CR,PPPVTHYD,2039,4.5
CR,PPPVTHYD,2040,4.75
CR,PPPVTHYD,2041,5.0
CR,PPPVTHYD,2042,5.25
CR,PPPVTHYD,2043,5.5
CR,PPPVTHYD,2044,5.75
CR,PPPVTHYD,2045,6.0
CR,PPPVTHYD,2046,6.25
CR,PPPVTHYD,2047,6.5
CR,PPPVTHYD,2048,6.75
CR,PPPVTHYD,2049,7.0
CR,PPPVTHYD,2050,7.25
CR,PPPVTS,2018,0.0054
CR,PPPVTS,2019,0.04
CR,PPPVTS,2020,0.05
CR,PPPVTS,2021,0.06
CR,PPPVTS,2022,0.07
CR,PPPVTS,2023,0.08
CR,PPPVTS,2024,0.09
CR,PPPVTS,2025,0.1
CR,PPPVTS,2026,0.256
CR,PPPVTS,2027,0.412
CR,PPPVTS,2028,0.568
CR,PPPVTS,2029,0.724
CR,PPPVTS,2030,0.88
CR,PPPVTS,2031,1.036
CR,PPPVTS,2032,1.192
CR,PPPVTS,2033,1.348
CR,PPPVTS,2034,1.504
CR,PPPVTS,2035,1.66
CR,PPPVTS,2036,1.816
CR,PPPVTS,2037,1.972
CR,PPPVTS,2038,2.128
CR,PPPVTS,2039,2.284
CR,PPPVTS,2040,2.44
CR,PPPVTS,2041,2.596
CR,PPPVTS,2042,2.752
CR,PPPVTS,2043,2.908
CR,PPPVTS,2044,3.064
CR,PPPVTS,2045,3.22
CR,PPPVTS,2046,3.376
CR,PPPVTS,2047,3.532
CR,PPPVTS,2048,3.688
CR,PPPVTS,2049,3.844
CR,PPPVTS,2050,4.0
CR,PPPVD,2018,0.0
CR,PPPVD,2019,0.04
CR,PPPVD,2020,0.05
CR,PPPVD,2021,0.06
CR,PPPVD,2022,0.07
CR,PPPVD,2023,0.08
CR,PPPVD,2024,0.09
CR,PPPVD,2025,0.1
CR,PPPVD,2026,0.176
CR,PPPVD,2027,0.252
CR,PPPVD,2028,0.328
CR,PPPVD,2029,0.404
CR,PPPVD,2030,0.48
CR,PPPVD,2031,0.556
CR,PPPVD,2032,0.632
CR,PPPVD,2033,0.708
CR,PPPVD,2034,0.784
CR,PPPVD,2035,0.86
CR,PPPVD,2036,0.936
CR,PPPVD,2037,1.012
CR,PPPVD,2038,1.088
CR,PPPVD,2039,1.164
CR,PPPVD,2040,1.24
CR,PPPVD,2041,1.316
CR,PPPVD,2042,1.392
CR,PPPVD,2043,1.468
CR,PPPVD,2044,1.544
CR,PPPVD,2045,1.62
CR,PPPVD,2046,1.696
CR,PPPVD,2047,1.772
CR,PPPVD,2048,1.848
CR,PPPVD,2049,1.924
CR,PPPVD,2050,2.0
CR,PPPVDS,2018,0.0
CR,PPPVDS,2019,0.04
CR,PPPVDS,2020,0.05
CR,PPPVDS,2021,0.06
CR,PPPVDS,2022,0.07
CR,PPPVDS,2023,0.08
CR,PPPVDS,2024,0.09
CR,PPPVDS,2025,0.1
CR,PPPVDS,2026,0.256
CR,PPPVDS,2027,0.412
CR,PPPVDS,2028,0.568
CR,PPPVDS,2029,0.724
CR,PPPVDS,2030,0.88
CR,PPPVDS,2031,1.036
CR,PPPVDS,2032,1.192
CR,PPPVDS,2033,1.348
CR,PPPVDS,2034,1.504
CR,PPPVDS,2035,1.66
CR,PPPVDS,2036,1.816
CR,PPPVDS,2037,1.972
CR,PPPVDS,2038,2.128
CR,PPPVDS,2039,2.284
CR,PPPVDS,2040,2.44
CR,PPPVDS,2041,2.596
CR,PPPVDS,2042,2.752
CR,PPPVDS,2043,2.908
CR,PPPVDS,2044,3.064
CR,PPPVDS,2045,3.22
CR,PPPVDS,2046,3.376
CR,PPPVDS,2047,3.532
CR,PPPVDS,2048,3.688
CR,PPPVDS,2049,3.844
CR,PPPVDS,2050,4.0
CR,PPBIO,2018,0.03
CR,PPBIO,2019,0.03
CR,PPBIO,2020,0.03
CR,PPBIO,2021,0.03
CR,PPBIO,2022,0.03
CR,PPBIO,2023,0.03
CR,PPBIO,2024,0.03
CR,PPBIO,2025,0.03
CR,PPBIO,2026,0.0408
CR,PPBIO,2027,0.0516
CR,PPBIO,2028,0.0624
CR,PPBIO,2029,0.0732
CR,PPBIO,2030,0.084
CR,PPBIO,2031,0.0948
CR,PPBIO,2032,0.1056
CR,PPBIO,2033,0.1164
CR,PPBIO,2034,0.1272
CR,PPBIO,2035,0.138
CR,PPBIO,2036,0.1488
CR,PPBIO,2037,0.1596
CR,PPBIO,2038,0.1704
CR,PPBIO,2039,0.1812
CR,PPBIO,2040,0.192
CR,PPBIO,2041,0.2028
CR,PPBIO,2042,0.2136
CR,PPBIO,2043,0.2244
CR,PPBIO,2044,0.2352
CR,PPBIO,2045,0.246
CR,PPBIO,2046,0.2568
CR,PPBIO,2047,0.2676
CR,PPBIO,2048,0.2784
CR,PPBIO,2049,0.2892
CR,PPBIO,2050,0.3
CR,PPDSL,2018,2.0
CR,PPDSL,2019,2.0
CR,PPDSL,2020,2.0
CR,PPDSL,2021,2.0
CR,PPDSL,2022,2.0
CR,PPDSL,2023,2.0
CR,PPDSL,2024,2.0
CR,PPDSL,2025,2.0
CR,PPDSL,2026,2.0
CR,PPDSL,2027,2.0
CR,PPDSL,2028,2.0
CR,PPDSL,2029,2.0
CR,PPDSL,2030,2.0
CR,PPDSL,2031,2.0
CR,PPDSL,2032,2.0
CR,PPDSL,2033,2.0
CR,PPDSL,2034,2.0
CR,PPDSL,2035,2.0
CR,PPDSL,2036,2.0
CR,PPDSL,2037,2.0
CR,PPDSL,2038,2.0
CR,PPDSL,2039,2.0
CR,PPDSL,2040,2.0
CR,PPDSL,2041,2.0
CR,PPDSL,2042,2.0
CR,PPDSL,2043,2.0
CR,PPDSL,2044,2.0
CR,PPDSL,2045,2.0
CR,PPDSL,2046,2.0
CR,PPDSL,2047,2.0
CR,PPDSL,2048,2.0
CR,PPDSL,2049,2.0
CR,PPDSL,2050,2.0
CR,PPFOI,2018,0.214
CR,PPFOI,2019,0.214
CR,PPFOI,2020,0.214
CR,PPFOI,2021,0.214
CR,PPFOI,2022,0.214
CR,PPFOI,2023,0.214
CR,PPFOI,2024,0.214
CR,PPFOI,2025,0.214
CR,PPFOI,2026,0.214
CR,PPFOI,2027,0.214
CR,PPFOI,2028,0.214
CR,PPFOI,2029,0.214
CR,PPFOI,2030,0.214
CR,PPFOI,2031,0.214
CR,PPFOI,2032,0.214
CR,PPFOI,2033,0.214
CR,PPFOI,2034,0.214
CR,PPFOI,2035,0.214
CR,PPFOI,2036,0.214
CR,PPFOI,2037,0.214
CR,PPFOI,2038,0.214
CR,PPFOI,2039,0.214
CR,PPFOI,2040,0.214
CR,PPFOI,2041,0.214
CR,PPFOI,2042,0.214
CR,PPFOI,2043,0.214
CR,PPFOI,2044,0.214
CR,PPFOI,2045,0.214
CR,PPFOI,2046,0.214
CR,PPFOI,2047,0.214
CR,PPFOI,2048,0.214
CR,PPFOI,2049,0.214
CR,PPFOI,2050,0.214
CR,TRSUVELE,2018,0.0
CR,TRSUVELE,2019,0.0
CR,TRSUVELE,2020,0.0
CR,TRSUVELE,2021,0.0
CR,TRSUVELE,2022,0.0086
CR,TRSUVELE,2023,0.0177
CR,TRSUVELE,2024,0.0273
CR,TRSUVELE,2025,0.0374
CR,TRSUVELE,2026,0.048
CR,TRSUVELE,2027,0.0592
CR,TRSUVELE,2028,0.0709
CR,TRSUVELE,2029,0.0831
CR,TRSUVELE,2030,0.0961
CR,TRSUVELE,2031,0.1096
CR,TRSUVELE,2032,0.1237
CR,TRSUVELE,2033,0.1385
CR,TRSUVELE,2034,0.1539
CR,TRSUVELE,2035,0.1701
CR,TRSUVELE,2036,0.187
CR,TRSUVELE,2037,0.2045
CR,TRSUVELE,2038,0.2229
CR,TRSUVELE,2039,0.242
CR,TRSUVELE,2040,0.262
CR,TRSUVELE,2041,0.2827
CR,TRSUVELE,2042,0.3042
CR,TRSUVELE,2043,0.3267
CR,TRSUVELE,2044,0.3501
CR,TRSUVELE,2045,0.3742
CR,TRSUVELE,2046,0.3995
CR,TRSUVELE,2047,0.4255
CR,TRSUVELE,2048,0.4526
CR,TRSUVELE,2049,0.4807
CR,TRSUVELE,2050,0.5098
CR,TRSEDELE,2018,0.0
CR,TRSEDELE,2019,0.0
CR,TRSEDELE,2020,0.0
CR,TRSEDELE,2021,0.0
CR,TRSEDELE,2022,0.0171
CR,TRSEDELE,2023,0.0351
CR,TRSEDELE,2024,0.0541
CR,TRSEDELE,2025,0.0741
CR,TRSEDELE,2026,0.0951
CR,TRSEDELE,2027,0.1173
CR,TRSEDELE,2028,0.1405
CR,TRSEDELE,2029,0.1649
CR,TRSEDELE,2030,0.1905
CR,TRSEDELE,2031,0.2173
CR,TRSEDELE,2032,0.2452
CR,TRSEDELE,2033,0.2746
CR,TRSEDELE,2034,0.3052
CR,TRSEDELE,2035,0.3373
CR,TRSEDELE,2036,0.3708
CR,TRSEDELE,2037,0.4056
CR,TRSEDELE,2038,0.4421
CR,TRSEDELE,2039,0.48
CR,TRSEDELE,2040,0.5194
CR,TRSEDELE,2041,0.5605
CR,TRSEDELE,2042,0.6034
CR,TRSEDELE,2043,0.6478
CR,TRSEDELE,2044,0.6941
CR,TRSEDELE,2045,0.7421
CR,TRSEDELE,2046,0.792
CR,TRSEDELE,2047,0.8439
CR,TRSEDELE,2048,0.8975
CR,TRSEDELE,2049,0.9532
CR,TRSEDELE,2050,1.011
CR,TRYTKELE,2018,0.0
CR,TRYTKELE,2019,0.0
CR,TRYTKELE,2020,0.0
CR,TRYTKELE,2021,0.0
CR,TRYTKELE,2022,0.0
CR,TRYTKELE,2023,0.0
CR,TRYTKELE,2024,0.0
CR,TRYTKELE,2025,0.0
CR,TRYTKELE,2026,0.0
CR,TRYTKELE,2027,0.0
CR,TRYTKELE,2028,0.0
CR,TRYTKELE,2029,0.0
CR,TRYTKELE,2030,0.0
CR,TRYTKELE,2031,0.0
CR,TRYTKELE,2032,0.0
CR,TRYTKELE,2033,0.0
CR,TRYTKELE,2034,0.0
CR,TRYTKELE,2035,0.0
CR,TRYTKELE,2036,0.0
CR,TRYTKELE,2037,0.0
CR,TRYTKELE,2038,0.0
CR,TRYTKELE,2039,0.0
CR,TRYTKELE,2040,0.0
CR,TRYTKELE,2041,0.0
CR,TRYTKELE,2042,0.0
CR,TRYTKELE,2043,0.0
CR,TRYTKELE,2044,0.0
CR,TRYTKELE,2045,0.0
CR,TRYTKELE,2046,0.0
CR,TRYTKELE,2047,0.0
CR,TRYTKELE,2048,0.0
CR,TRYTKELE,2049,0.0
CR,TRYTKELE,2050,0.0
CR,TRYTKHYD,2018,0.0
CR,TRYTKHYD,2019,0.0
CR,TRYTKHYD,2020,0.0
CR,TRYTKHYD,2021,0.0
CR,TRYTKHYD,2022,0.0
CR,TRYTKHYD,2023,0.0
CR,TRYTKHYD,2024,0.0
CR,TRYTKHYD,2025,0.0
CR,TRYTKHYD,2026,0.0
CR,TRYTKHYD,2027,0.0
CR,TRYTKHYD,2028,0.0
CR,TRYTKHYD,2029,0.0
CR,TRYTKHYD,2030,0.0
CR,TRYTKHYD,2031,0.0
CR,TRYTKHYD,2032,0.0
CR,TRYTKHYD,2033,0.0
CR,TRYTKHYD,2034,0.0
CR,TRYTKHYD,2035,0.0
CR,TRYTKHYD,2036,0.0
CR,TRYTKHYD,2037,0.0
CR,TRYTKHYD,2038,0.0
CR,TRYTKHYD,2039,0.0
CR,TRYTKHYD,2040,0.0
CR,TRYTKHYD,2041,0.0
CR,TRYTKHYD,2042,0.0
CR,TRYTKHYD,2043,0.0
CR,TRYTKHYD,2044,0.0
CR,TRYTKHYD,2045,0.0
CR,TRYTKHYD,2046,0.0
CR,TRYTKHYD,2047,0.0
CR,TRYTKHYD,2048,0.0
CR,TRYTKHYD,2049,0.0
CR,TRYTKHYD,2050,0.0
CR,TRYTKPHD,2018,0.0
CR,TRYTKPHD,2019,0.0
CR,TRYTKPHD,2020,0.0
CR,TRYTKPHD,2021,0.0
CR,TRYTKPHD,2022,0.0
CR,TRYTKPHD,2023,0.0
CR,TRYTKPHD,2024,0.0
CR,TRYTKPHD,2025,0.0
CR,TRYTKPHD,2026,0.0
CR,TRYTKPHD,2027,0.0
CR,TRYTKPHD,2028,0.0
CR,TRYTKPHD,2029,0.0
CR,TRYTKPHD,2030,0.0
CR,TRYTKPHD,2031,0.0
CR,TRYTKPHD,2032,0.0
CR,TRYTKPHD,2033,0.0
CR,TRYTKPHD,2034,0.0
CR,TRYTKPHD,2035,0.0
CR,TRYTKPHD,2036,0.0
CR,TRYTKPHD,2037,0.0
CR,TRYTKPHD,2038,0.0
CR,TRYTKPHD,2039,0.0
CR,TRYTKPHD,2040,0.0
CR,TRYTKPHD,2041,0.0
CR,TRYTKPHD,2042,0.0
CR,TRYTKPHD,2043,0.0
CR,TRYTKPHD,2044,0.0
CR,TRYTKPHD,2045,0.0
CR,TRYTKPHD,2046,0.0
CR,TRYTKPHD,2047,0.0
CR,TRYTKPHD,2048,0.0
CR,TRYTKPHD,2049,0.0
CR,TRYTKPHD,2050,0.0
CR,TRYLFELE,2018,0.0
CR,TRYLFELE,2019,0.0
CR,TRYLFELE,2020,0.0
CR,TRYLFELE,2021,0.0
CR,TRYLFELE,2022,0.0
CR,TRYLFELE,2023,0.0
CR,TRYLFELE,2024,0.0
CR,TRYLFELE,2025,0.0
CR,TRYLFELE,2026,0.0
CR,TRYLFELE,2027,0.0
CR,TRYLFELE,2028,0.0
CR,TRYLFELE,2029,0.0
CR,TRYLFELE,2030,0.0
CR,TRYLFELE,2031,0.0
CR,TRYLFELE,2032,0.0
CR,TRYLFELE,2033,0.0
CR,TRYLFELE,2034,0.0
CR,TRYLFELE,2035,0.0
CR,TRYLFELE,2036,0.0
CR,TRYLFELE,2037,0.0
CR,TRYLFELE,2038,0.0
CR,TRYLFELE,2039,0.0
CR,TRYLFELE,2040,0.0
CR,TRYLFELE,2041,0.0
CR,TRYLFELE,2042,0.0
CR,TRYLFELE,2043,0.0
CR,TRYLFELE,2044,0.0
CR,TRYLFELE,2045,0.0
CR,TRYLFELE,2046,0.0
CR,TRYLFELE,2047,0.0
CR,TRYLFELE,2048,0.0
CR,TRYLFELE,2049,0.0
CR,TRYLFELE,2050,0.0
CR,TRYLFPHD,2018,0.0
CR,TRYLFPHD,2019,0.0
CR,TRYLFPHD,2020,0.0
CR,TRYLFPHD,2021,0.0
CR,TRYLFPHD,2022,0.0
CR,TRYLFPHD,2023,0.0
CR,TRYLFPHD,2024,0.0
CR,TRYLFPHD,2025,0.0
CR,TRYLFPHD,2026,0.0
CR,TRYLFPHD,2027,0.0
CR,TRYLFPHD,2028,0.0
CR,TRYLFPHD,2029,0.0
CR,TRYLFPHD,2030,0.0
CR,TRYLFPHD,2031,0.0
CR,TRYLFPHD,2032,0.0
CR,TRYLFPHD,2033,0.0
CR,TRYLFPHD,2034,0.0
CR,TRYLFPHD,2035,0.0
CR,TRYLFPHD,2036,0.0
CR,TRYLFPHD,2037,0.0
CR,TRYLFPHD,2038,0.0
CR,TRYLFPHD,2039,0.0
CR,TRYLFPHD,2040,0.0
CR,TRYLFPHD,2041,0.0
CR,TRYLFPHD,2042,0.0
CR,TRYLFPHD,2043,0.0
CR,TRYLFPHD,2044,0.0
CR,TRYLFPHD,2045,0.0
CR,TRYLFPHD,2046,0.0
CR,TRYLFPHD,2047,0.0
CR,TRYLFPHD,2048,0.0
CR,TRYLFPHD,2049,0.0
CR,TRYLFPHD,2050,0.0
CR,TRYLFPHG,2018,0.0
CR,TRYLFPHG,2019,0.0
CR,TRYLFPHG,2020,0.0
CR,TRYLFPHG,2021,0.0
CR,TRYLFPHG,2022,0.0
CR,TRYLFPHG,2023,0.0
CR,TRYLFPHG,2024,0.0
CR,TRYLFPHG,2025,0.0
CR,TRYLFPHG,2026,0.0
CR,TRYLFPHG,2027,0.0
CR,TRYLFPHG,2028,0.0
CR,TRYLFPHG,2029,0.0
CR,TRYLFPHG,2030,0.0
CR,TRYLFPHG,2031,0.0
CR,TRYLFPHG,2032,0.0
CR,TRYLFPHG,2033,0.0
CR,TRYLFPHG,2034,0.0
CR,TRYLFPHG,2035,0.0
CR,TRYLFPHG,2036,0.0
CR,TRYLFPHG,2037,0.0
CR,TRYLFPHG,2038,0.0
CR,TRYLFPHG,2039,0.0
CR,TRYLFPHG,2040,0.0
CR,TRYLFPHG,2041,0.0
CR,TRYLFPHG,2042,0.0
CR,TRYLFPHG,2043,0.0
CR,TRYLFPHG,2044,0.0
CR,TRYLFPHG,2045,0.0
CR,TRYLFPHG,2046,0.0
CR,TRYLFPHG,2047,0.0
CR,TRYLFPHG,2048,0.0
CR,TRYLFPHG,2049,0.0
CR,TRYLFPHG,2050,0.0
CR,TRMOTELE,2018,0.0
CR,TRMOTELE,2019,0.0
CR,TRMOTELE,2020,0.0
CR,TRMOTELE,2021,0.0
CR,TRMOTELE,2022,0.0
CR,TRMOTELE,2023,0.0
CR,TRMOTELE,2024,0.0
CR,TRMOTELE,2025,0.0
CR,TRMOTELE,2026,0.0
CR,TRMOTELE,2027,0.0
CR,TRMOTELE,2028,0.0
CR,TRMOTELE,2029,0.0
CR,TRMOTELE,2030,0.0
CR,TRMOTELE,2031,0.0
CR,TRMOTELE,2032,0.0
CR,TRMOTELE,2033,0.0
CR,TRMOTELE,2034,0.0
CR,TRMOTELE,2035,0.0
CR,TRMOTELE,2036,0.0
CR,TRMOTELE,2037,0.0
CR,TRMOTELE,2038,0.0
CR,TRMOTELE,2039,0.0
CR,TRMOTELE,2040,0.0
CR,TRMOTELE,2041,0.0
CR,TRMOTELE,2042,0.0
CR,TRMOTELE,2043,0.0
CR,TRMOTELE,2044,0.0
CR,TRMOTELE,2045,0.0
CR,TRMOTELE,2046,0.0
CR,TRMOTELE,2047,0.0
CR,TRMOTELE,2048,0.0
CR,TRMOTELE,2049,0.0
CR,TRMOTELE,2050,0.0
CR,TRSEDPHG,2018,0.0
CR,TRSEDPHG,2019,0.0
CR,TRSEDPHG,2020,0.0
CR,TRSEDPHG,2021,0.0
CR,TRSEDPHG,2022,0.0
CR,TRSEDPHG,2023,0.0315
CR,TRSEDPHG,2024,0.0648
CR,TRSEDPHG,2025,0.0998
CR,TRSEDPHG,2026,0.1368
CR,TRSEDPHG,2027,0.1756
CR,TRSEDPHG,2028,0.2164
CR,TRSEDPHG,2029,0.2592
CR,TRSEDPHG,2030,0.3041
CR,TRSEDPHG,2031,0.3247
CR,TRSEDPHG,2032,0.3461
CR,TRSEDPHG,2033,0.3683
CR,TRSEDPHG,2034,0.3914
CR,TRSEDPHG,2035,0.4155
CR,TRSEDPHG,2036,0.4404
CR,TRSEDPHG,2037,0.4663
CR,TRSEDPHG,2038,0.4932
CR,TRSEDPHG,2039,0.5211
CR,TRSEDPHG,2040,0.55
CR,TRSEDPHG,2041,0.5881
CR,TRSEDPHG,2042,0.6276
CR,TRSEDPHG,2043,0.6686
CR,TRSEDPHG,2044,0.7112
CR,TRSEDPHG,2045,0.7554
CR,TRSEDPHG,2046,0.8013
CR,TRSEDPHG,2047,0.8488
CR,TRSEDPHG,2048,0.8981
CR,TRSEDPHG,2049,0.9491
CR,TRSEDPHG,2050,1.002
CR,TRSUVPHD,2018,0.0
CR,TRSUVPHD,2019,0.0
CR,TRSUVPHD,2020,0.0
CR,TRSUVPHD,2021,0.0
CR,TRSUVPHD,2022,0.0
CR,TRSUVPHD,2023,0.0064
CR,TRSUVPHD,2024,0.0131
CR,TRSUVPHD,2025,0.0201
CR,TRSUVPHD,2026,0.0276
CR,TRSUVPHD,2027,0.0354
CR,TRSUVPHD,2028,0.0436
CR,TRSUVPHD,2029,0.0523
CR,TRSUVPHD,2030,0.0613
CR,TRSUVPHD,2031,0.0661
CR,TRSUVPHD,2032,0.0711
CR,TRSUVPHD,2033,0.0763
CR,TRSUVPHD,2034,0.0817
CR,TRSUVPHD,2035,0.0873
CR,TRSUVPHD,2036,0.0931
CR,TRSUVPHD,2037,0.0992
CR,TRSUVPHD,2038,0.1055
CR,TRSUVPHD,2039,0.1121
CR,TRSUVPHD,2040,0.1189
CR,TRSUVPHD,2041,0.13
CR,TRSUVPHD,2042,0.1416
CR,TRSUVPHD,2043,0.1537
CR,TRSUVPHD,2044,0.1662
CR,TRSUVPHD,2045,0.1793
CR,TRSUVPHD,2046,0.1929
CR,TRSUVPHD,2047,0.207
CR,TRSUVPHD,2048,0.2216
CR,TRSUVPHD,2049,0.2368
CR,TRSUVPHD,2050,0.2526
CR,TRSUVPHG,2018,0.0
CR,TRSUVPHG,2019,0.0
CR,TRSUVPHG,2020,0.0
CR,TRSUVPHG,2021,0.0
CR,TRSUVPHG,2022,0.0
CR,TRSUVPHG,2023,0.0064
CR,TRSUVPHG,2024,0.0131
CR,TRSUVPHG,2025,0.0201
CR,TRSUVPHG,2026,0.0276
CR,TRSUVPHG,2027,0.0354
CR,TRSUVPHG,2028,0.0436
CR,TRSUVPHG,2029,0.0523
CR,TRSUVPHG,2030,0.0613
CR,TRSUVPHG,2031,0.0661
CR,TRSUVPHG,2032,0.0711
CR,TRSUVPHG,2033,0.0763
CR,TRSUVPHG,2034,0.0817
CR,TRSUVPHG,2035,0.0873
CR,TRSUVPHG,2036,0.0931
CR,TRSUVPHG,2037,0.0992
CR,TRSUVPHG,2038,0.1055
CR,TRSUVPHG,2039,0.1121
CR,TRSUVPHG,2040,0.1189
CR,TRSUVPHG,2041,0.13
CR,TRSUVPHG,2042,0.1416
CR,TRSUVPHG,2043,0.1537
CR,TRSUVPHG,2044,0.1662
CR,TRSUVPHG,2045,0.1793
CR,TRSUVPHG,2046,0.1929
CR,TRSUVPHG,2047,0.207
CR,TRSUVPHG,2048,0.2216
CR,TRSUVPHG,2049,0.2368
CR,TRSUVPHG,2050,0.2526
CR,TRBUSELE,2018,0.0
CR,TRBUSELE,2019,0.0
CR,TRBUSELE,2020,0.0
CR,TRBUSELE,2021,0.0
CR,TRBUSELE,2022,0.0
CR,TRBUSELE,2023,0.0
CR,TRBUSELE,2024,0.0
CR,TRBUSELE,2025,0.0
CR,TRBUSELE,2026,0.0
CR,TRBUSELE,2027,0.0
CR,TRBUSELE,2028,0.0
CR,TRBUSELE,2029,0.0
CR,TRBUSELE,2030,0.0
CR,TRBUSELE,2031,0.0
CR,TRBUSELE,2032,0.0
CR,TRBUSELE,2033,0.0
CR,TRBUSELE,2034,0.0
CR,TRBUSELE,2035,0.0
CR,TRBUSELE,2036,0.0
CR,TRBUSELE,2037,0.0
CR,TRBUSELE,2038,0.0
CR,TRBUSELE,2039,0.0
CR,TRBUSELE,2040,0.0
CR,TRBUSELE,2041,0.0
CR,TRBUSELE,2042,0.0
CR,TRBUSELE,2043,0.0
CR,TRBUSELE,2044,0.0
CR,TRBUSELE,2045,0.0
CR,TRBUSELE,2046,0.0
CR,TRBUSELE,2047,0.0
CR,TRBUSELE,2048,0.0
CR,TRBUSELE,2049,0.0
CR,TRBUSELE,2050,0.0
CR,TRBUSHYD,2018,0.0
CR,TRBUSHYD,2019,0.0
CR,TRBUSHYD,2020,0.0
CR,TRBUSHYD,2021,0.0
CR,TRBUSHYD,2022,0.0
CR,TRBUSHYD,2023,0.0
CR,TRBUSHYD,2024,0.0
CR,TRBUSHYD,2025,0.0
CR,TRBUSHYD,2026,0.0
CR,TRBUSHYD,2027,0.0
CR,TRBUSHYD,2028,0.0
CR,TRBUSHYD,2029,0.0
CR,TRBUSHYD,2030,0.0
CR,TRBUSHYD,2031,0.0
CR,TRBUSHYD,2032,0.0
CR,TRBUSHYD,2033,0.0
CR,TRBUSHYD,2034,0.0
CR,TRBUSHYD,2035,0.0
CR,TRBUSHYD,2036,0.0
CR,TRBUSHYD,2037,0.0
CR,TRBUSHYD,2038,0.0
CR,TRBUSHYD,2039,0.0
CR,TRBUSHYD,2040,0.0
CR,TRBUSHYD,2041,0.0
CR,TRBUSHYD,2042,0.0
CR,TRBUSHYD,2043,0.0
CR,TRBUSHYD,2044,0.0
CR,TRBUSHYD,2045,0.0
CR,TRBUSHYD,2046,0.0
CR,TRBUSHYD,2047,0.0
CR,TRBUSHYD,2048,0.0
CR,TRBUSHYD,2049,0.0
CR,TRBUSHYD,2050,0.0
CR,TRBUSPHD,2018,0.0
CR,TRBUSPHD,2019,0.0
CR,TRBUSPHD,2020,0.0
CR,TRBUSPHD,2021,0.0
CR,TRBUSPHD,2022,0.0
CR,TRBUSPHD,2023,0.0
CR,TRBUSPHD,2024,0.0
CR,TRBUSPHD,2025,0.0
CR,TRBUSPHD,2026,0.0
CR,TRBUSPHD,2027,0.0
CR,TRBUSPHD,2028,0.0
CR,TRBUSPHD,2029,0.0
CR,TRBUSPHD,2030,0.0
CR,TRBUSPHD,2031,0.0
CR,TRBUSPHD,2032,0.0
CR,TRBUSPHD,2033,0.0
CR,TRBUSPHD,2034,0.0
CR,TRBUSPHD,2035,0.0
CR,TRBUSPHD,2036,0.0
CR,TRBUSPHD,2037,0.0
CR,TRBUSPHD,2038,0.0
CR,TRBUSPHD,2039,0.0
CR,TRBUSPHD,2040,0.0
CR,TRBUSPHD,2041,0.0
CR,TRBUSPHD,2042,0.0
CR,TRBUSPHD,2043,0.0
CR,TRBUSPHD,2044,0.0
CR,TRBUSPHD,2045,0.0
CR,TRBUSPHD,2046,0.0
CR,TRBUSPHD,2047,0.0
CR,TRBUSPHD,2048,0.0
CR,TRBUSPHD,2049,0.0
CR,TRBUSPHD,2050,0.0
CR,TRMBUSELE,2018,0.0
CR,TRMBUSELE,2019,0.0
CR,TRMBUSELE,2020,0.0
CR,TRMBUSELE,2021,0.0
CR,TRMBUSELE,2022,0.0
CR,TRMBUSELE,2023,0.0
CR,TRMBUSELE,2024,0.0
CR,TRMBUSELE,2025,0.0
CR,TRMBUSELE,2026,0.0
CR,TRMBUSELE,2027,0.0
CR,TRMBUSELE,2028,0.0
CR,TRMBUSELE,2029,0.0
CR,TRMBUSELE,2030,0.0
CR,TRMBUSELE,2031,0.0
CR,TRMBUSELE,2032,0.0
CR,TRMBUSELE,2033,0.0
CR,TRMBUSELE,2034,0.0
CR,TRMBUSELE,2035,0.0
CR,TRMBUSELE,2036,0.0
CR,TRMBUSELE,2037,0.0
CR,TRMBUSELE,2038,0.0
CR,TRMBUSELE,2039,0.0
CR,TRMBUSELE,2040,0.0
CR,TRMBUSELE,2041,0.0
CR,TRMBUSELE,2042,0.0
CR,TRMBUSELE,2043,0.0
CR,TRMBUSELE,2044,0.0
CR,TRMBUSELE,2045,0.0
CR,TRMBUSELE,2046,0.0
CR,TRMBUSELE,2047,0.0
CR,TRMBUSELE,2048,0.0
CR,TRMBUSELE,2049,0.0
CR,TRMBUSELE,2050,0.0
CR,TRMBUSHYD,2018,0.0
CR,TRMBUSHYD,2019,0.0
CR,TRMBUSHYD,2020,0.0
CR,TRMBUSHYD,2021,0.0
CR,TRMBUSHYD,2022,0.0
CR,TRMBUSHYD,2023,0.0
CR,TRMBUSHYD,2024,0.0
CR,TRMBUSHYD,2025,0.0
CR,TRMBUSHYD,2026,0.0
CR,TRMBUSHYD,2027,0.0
CR,TRMBUSHYD,2028,0.0
CR,TRMBUSHYD,2029,0.0
CR,TRMBUSHYD,2030,0.0
CR,TRMBUSHYD,2031,0.0
CR,TRMBUSHYD,2032,0.0
CR,TRMBUSHYD,2033,0.0
CR,TRMBUSHYD,2034,0.0
CR,TRMBUSHYD,2035,0.0
CR,TRMBUSHYD,2036,0.0
CR,TRMBUSHYD,2037,0.0
CR,TRMBUSHYD,2038,0.0
CR,TRMBUSHYD,2039,0.0
CR,TRMBUSHYD,2040,0.0
CR,TRMBUSHYD,2041,0.0
CR,TRMBUSHYD,2042,0.0
CR,TRMBUSHYD,2043,0.0
CR,TRMBUSHYD,2044,0.0
CR,TRMBUSHYD,2045,0.0
CR,TRMBUSHYD,2046,0.0
CR,TRMBUSHYD,2047,0.0
CR,TRMBUSHYD,2048,0.0
CR,TRMBUSHYD,2049,0.0
CR,TRMBUSHYD,2050,0.0
CR,TRMBUSPHD,2018,0.0
CR,TRMBUSPHD,2019,0.0
CR,TRMBUSPHD,2020,0.0
CR,TRMBUSPHD,2021,0.0
CR,TRMBUSPHD,2022,0.0
CR,TRMBUSPHD,2023,0.0
CR,TRMBUSPHD,2024,0.0
CR,TRMBUSPHD,2025,0.0
CR,TRMBUSPHD,2026,0.0
CR,TRMBUSPHD,2027,0.0
CR,TRMBUSPHD,2028,0.0
CR,TRMBUSPHD,2029,0.0
CR,TRMBUSPHD,2030,0.0
CR,TRMBUSPHD,2031,0.0
CR,TRMBUSPHD,2032,0.0
CR,TRMBUSPHD,2033,0.0
CR,TRMBUSPHD,2034,0.0
CR,TRMBUSPHD,2035,0.0
CR,TRMBUSPHD,2036,0.0
CR,TRMBUSPHD,2037,0.0
CR,TRMBUSPHD,2038,0.0
CR,TRMBUSPHD,2039,0.0
CR,TRMBUSPHD,2040,0.0
CR,TRMBUSPHD,2041,0.0
CR,TRMBUSPHD,2042,0.0
CR,TRMBUSPHD,2043,0.0
CR,TRMBUSPHD,2044,0.0
CR,TRMBUSPHD,2045,0.0
CR,TRMBUSPHD,2046,0.0
CR,TRMBUSPHD,2047,0.0
CR,TRMBUSPHD,2048,0.0
CR,TRMBUSPHD,2049,0.0
CR,TRMBUSPHD,2050,0.0
CR,TRTAXELE,2018,0.0
CR,TRTAXELE,2019,0.0
CR,TRTAXELE,2020,0.0
CR,TRTAXELE,2021,0.0
CR,TRTAXELE,2022,0.0
CR,TRTAXELE,2023,0.0
CR,TRTAXELE,2024,0.0
CR,TRTAXELE,2025,0.0
CR,TRTAXELE,2026,0.0
CR,TRTAXELE,2027,0.0
CR,TRTAXELE,2028,0.0
CR,TRTAXELE,2029,0.0
CR,TRTAXELE,2030,0.0
CR,TRTAXELE,2031,0.0
CR,TRTAXELE,2032,0.0
CR,TRTAXELE,2033,0.0
CR,TRTAXELE,2034,0.0
CR,TRTAXELE,2035,0.0
CR,TRTAXELE,2036,0.0
CR,TRTAXELE,2037,0.0
CR,TRTAXELE,2038,0.0
CR,TRTAXELE,2039,0.0
CR,TRTAXELE,2040,0.0
CR,TRTAXELE,2041,0.0
CR,TRTAXELE,2042,0.0
CR,TRTAXELE,2043,0.0
CR,TRTAXELE,2044,0.0
CR,TRTAXELE,2045,0.0
CR,TRTAXELE,2046,0.0
CR,TRTAXELE,2047,0.0
CR,TRTAXELE,2048,0.0
CR,TRTAXELE,2049,0.0
CR,TRTAXELE,2050,0.0
CR,TRTAXPHD,2018,0.0
CR,TRTAXPHD,2019,0.0
CR,TRTAXPHD,2020,0.0
CR,TRTAXPHD,2021,0.0
CR,TRTAXPHD,2022,0.0
CR,TRTAXPHD,2023,0.0007
CR,TRTAXPHD,2024,0.0015
CR,TRTAXPHD,2025,0.0023
CR,TRTAXPHD,2026,0.0031
CR,TRTAXPHD,2027,0.004
CR,TRTAXPHD,2028,0.005
CR,TRTAXPHD,2029,0.006
CR,TRTAXPHD,2030,0.007
CR,TRTAXPHD,2031,0.0075
CR,TRTAXPHD,2032,0.0081
CR,TRTAXPHD,2033,0.0087
CR,TRTAXPHD,2034,0.0093
CR,TRTAXPHD,2035,0.01
CR,TRTAXPHD,2036,0.0106
CR,TRTAXPHD,2037,0.0113
CR,TRTAXPHD,2038,0.012
CR,TRTAXPHD,2039,0.0128
CR,TRTAXPHD,2040,0.0136
CR,TRTAXPHD,2041,0.0148
CR,TRTAXPHD,2042,0.0161
CR,TRTAXPHD,2043,0.0175
CR,TRTAXPHD,2044,0.019
CR,TRTAXPHD,2045,0.0204
CR,TRTAXPHD,2046,0.022
CR,TRTAXPHD,2047,0.0236
CR,TRTAXPHD,2048,0.0253
CR,TRTAXPHD,2049,0.027
CR,TRTAXPHD,2050,0.0288
CR,TRTAXPHG,2018,0.0
CR,TRTAXPHG,2019,0.0
CR,TRTAXPHG,2020,0.0
CR,TRTAXPHG,2021,0.0
CR,TRTAXPHG,2022,0.0
CR,TRTAXPHG,2023,0.0007
CR,TRTAXPHG,2024,0.0015
CR,TRTAXPHG,2025,0.0023
CR,TRTAXPHG,2026,0.0031
CR,TRTAXPHG,2027,0.004
CR,TRTAXPHG,2028,0.005
CR,TRTAXPHG,2029,0.006
CR,TRTAXPHG,2030,0.007
CR,TRTAXPHG,2031,0.0075
CR,TRTAXPHG,2032,0.0081
CR,TRTAXPHG,2033,0.0087
CR,TRTAXPHG,2034,0.0093
CR,TRTAXPHG,2035,0.01
CR,TRTAXPHG,2036,0.0106
CR,TRTAXPHG,2037,0.0113
CR,TRTAXPHG,2038,0.012
CR,TRTAXPHG,2039,0.0128
CR,TRTAXPHG,2040,0.0136
CR,TRTAXPHG,2041,0.0148
CR,TRTAXPHG,2042,0.0161
CR,TRTAXPHG,2043,0.0175
CR,TRTAXPHG,2044,0.019
CR,TRTAXPHG,2045,0.0204
CR,TRTAXPHG,2046,0.022
CR,TRTAXPHG,2047,0.0236
CR,TRTAXPHG,2048,0.0253
CR,TRTAXPHG,2049,0.027
CR,TRTAXPHG,2050,0.0288
CR,TRSUVDSL,2018,4.8899
CR,TRSUVDSL,2019,4.9934
CR,TRSUVDSL,2020,4.9934
CR,TRSUVDSL,2021,4.9934
CR,TRSUVDSL,2022,4.9966
CR,TRSUVDSL,2023,5.1338
CR,TRSUVDSL,2024,5.2749
CR,TRSUVDSL,2025,99.0
CR,TRSUVDSL,2026,99.0
CR,TRSUVDSL,2027,99.0
CR,TRSUVDSL,2028,99.0
CR,TRSUVDSL,2029,99.0
CR,TRSUVDSL,2030,99.0
CR,TRSUVDSL,2031,99.0
CR,TRSUVDSL,2032,99.0
CR,TRSUVDSL,2033,99.0
CR,TRSUVDSL,2034,99.0
CR,TRSUVDSL,2035,99.0
CR,TRSUVDSL,2036,99.0
CR,TRSUVDSL,2037,99.0
CR,TRSUVDSL,2038,99.0
CR,TRSUVDSL,2039,99.0
CR,TRSUVDSL,2040,99.0
CR,TRSUVDSL,2041,99.0
CR,TRSUVDSL,2042,99.0
CR,TRSUVDSL,2043,99.0
CR,TRSUVDSL,2044,99.0
CR,TRSUVDSL,2045,99.0
CR,TRSUVDSL,2046,99.0
CR,TRSUVDSL,2047,99.0
CR,TRSUVDSL,2048,99.0
CR,TRSUVDSL,2049,99.0
CR,TRSUVDSL,2050,99.0
CR,TRSUVGSL,2018,4.8899
CR,TRSUVGSL,2019,4.9934
CR,TRSUVGSL,2020,4.9934
CR,TRSUVGSL,2021,4.9934
CR,TRSUVGSL,2022,4.9966
CR,TRSUVGSL,2023,5.1338
CR,TRSUVGSL,2024,5.2749
CR,TRSUVGSL,2025,99.0
CR,TRSUVGSL,2026,99.0
CR,TRSUVGSL,2027,99.0
CR,TRSUVGSL,2028,99.0
CR,TRSUVGSL,2029,99.0
CR,TRSUVGSL,2030,99.0
CR,TRSUVGSL,2031,99.0
CR,TRSUVGSL,2032,99.0
CR,TRSUVGSL,2033,99.0
CR,TRSUVGSL,2034,99.0
CR,TRSUVGSL,2035,99.0
CR,TRSUVGSL,2036,99.0
CR,TRSUVGSL,2037,99.0
CR,TRSUVGSL,2038,99.0
CR,TRSUVGSL,2039,99.0
CR,TRSUVGSL,2040,99.0
CR,TRSUVGSL,2041,99.0
CR,TRSUVGSL,2042,99.0
CR,TRSUVGSL,2043,99.0
CR,TRSUVGSL,2044,99.0
CR,TRSUVGSL,2045,99.0
CR,TRSUVGSL,2046,99.0
CR,TRSUVGSL,2047,99.0
CR,TRSUVGSL,2048,99.0
CR,TRSUVGSL,2049,99.0
CR,TRSUVGSL,2050,99.0
CR,TRSUVLPG,2018,0.0
CR,TRSUVLPG,2019,0.0
CR,TRSUVLPG,2020,0.0
CR,TRSUVLPG,2021,0.0
CR,TRSUVLPG,2022,0.0
CR,TRSUVLPG,2023,0.0
CR,TRSUVLPG,2024,0.0
CR,TRSUVLPG,2025,99.0
CR,TRSUVLPG,2026,99.0
CR,TRSUVLPG,2027,99.0
CR,TRSUVLPG,2028,99.0
CR,TRSUVLPG,2029,99.0
CR,TRSUVLPG,2030,99.0
CR,TRSUVLPG,2031,99.0
CR,TRSUVLPG,2032,99.0
CR,TRSUVLPG,2033,99.0
CR,TRSUVLPG,2034,99.0
CR,TRSUVLPG,2035,99.0
CR,TRSUVLPG,2036,99.0
CR,TRSUVLPG,2037,99.0
CR,TRSUVLPG,2038,99.0
CR,TRSUVLPG,2039,99.0
CR,TRSUVLPG,2040,99.0
CR,TRSUVLPG,2041,99.0
CR,TRSUVLPG,2042,99.0
CR,TRSUVLPG,2043,99.0
CR,TRSUVLPG,2044,99.0
CR,TRSUVLPG,2045,99.0
CR,TRSUVLPG,2046,99.0
CR,TRSUVLPG,2047,99.0
CR,TRSUVLPG,2048,99.0
CR,TRSUVLPG,2049,99.0
CR,TRSUVLPG,2050,99.0
CR,TRSEDGSL,2018,9.6971
CR,TRSEDGSL,2019,9.902
CR,TRSEDGSL,2020,9.902
CR,TRSEDGSL,2021,9.902
CR,TRSEDGSL,2022,9.9083
CR,TRSEDGSL,2023,10.1805
CR,TRSEDGSL,2024,10.4603
CR,TRSEDGSL,2025,99.0
CR,TRSEDGSL,2026,99.0
CR,TRSEDGSL,2027,99.0
CR,TRSEDGSL,2028,99.0
CR,TRSEDGSL,2029,99.0
CR,TRSEDGSL,2030,99.0
CR,TRSEDGSL,2031,99.0
CR,TRSEDGSL,2032,99.0
CR,TRSEDGSL,2033,99.0
CR,TRSEDGSL,2034,99.0
CR,TRSEDGSL,2035,99.0
CR,TRSEDGSL,2036,99.0
CR,TRSEDGSL,2037,99.0
CR,TRSEDGSL,2038,99.0
CR,TRSEDGSL,2039,99.0
CR,TRSEDGSL,2040,99.0
CR,TRSEDGSL,2041,99.0
CR,TRSEDGSL,2042,99.0
CR,TRSEDGSL,2043,99.0
CR,TRSEDGSL,2044,99.0
CR,TRSEDGSL,2045,99.0
CR,TRSEDGSL,2046,99.0
CR,TRSEDGSL,2047,99.0
CR,TRSEDGSL,2048,99.0
CR,TRSEDGSL,2049,99.0
CR,TRSEDGSL,2050,99.0
CR,TRMOTGSL,2018,3.3039
CR,TRMOTGSL,2019,3.3745
CR,TRMOTGSL,2020,3.3745
CR,TRMOTGSL,2021,3.3745
CR,TRMOTGSL,2022,3.3766
CR,TRMOTGSL,2023,3.4693
CR,TRMOTGSL,2024,3.5647
CR,TRMOTGSL,2025,99.0
CR,TRMOTGSL,2026,99.0
CR,TRMOTGSL,2027,99.0
CR,TRMOTGSL,2028,99.0
CR,TRMOTGSL,2029,99.0
CR,TRMOTGSL,2030,99.0
CR,TRMOTGSL,2031,99.0
CR,TRMOTGSL,2032,99.0
CR,TRMOTGSL,2033,99.0
CR,TRMOTGSL,2034,99.0
CR,TRMOTGSL,2035,99.0
CR,TRMOTGSL,2036,99.0
CR,TRMOTGSL,2037,99.0
CR,TRMOTGSL,2038,99.0
CR,TRMOTGSL,2039,99.0
CR,TRMOTGSL,2040,99.0
CR,TRMOTGSL,2041,99.0
CR,TRMOTGSL,2042,99.0
CR,TRMOTGSL,2043,99.0
CR,TRMOTGSL,2044,99.0
CR,TRMOTGSL,2045,99.0
CR,TRMOTGSL,2046,99.0
CR,TRMOTGSL,2047,99.0
CR,TRMOTGSL,2048,99.0
CR,TRMOTGSL,2049,99.0
CR,TRMOTGSL,2050,99.0
CR,TRBUSDSL,2018,0.4395
CR,TRBUSDSL,2019,0.4487
CR,TRBUSDSL,2020,0.4487
CR,TRBUSDSL,2021,0.4487
CR,TRBUSDSL,2022,0.449
CR,TRBUSDSL,2023,0.4614
CR,TRBUSDSL,2024,0.474
CR,TRBUSDSL,2025,99.0
CR,TRBUSDSL,2026,99.0
CR,TRBUSDSL,2027,99.0
CR,TRBUSDSL,2028,99.0
CR,TRBUSDSL,2029,99.0
CR,TRBUSDSL,2030,99.0
CR,TRBUSDSL,2031,99.0
CR,TRBUSDSL,2032,99.0
CR,TRBUSDSL,2033,99.0
CR,TRBUSDSL,2034,99.0
CR,TRBUSDSL,2035,99.0
CR,TRBUSDSL,2036,99.0
CR,TRBUSDSL,2037,99.0
CR,TRBUSDSL,2038,99.0
CR,TRBUSDSL,2039,99.0
CR,TRBUSDSL,2040,99.0
CR,TRBUSDSL,2041,99.0
CR,TRBUSDSL,2042,99.0
CR,TRBUSDSL,2043,99.0
CR,TRBUSDSL,2044,99.0
CR,TRBUSDSL,2045,99.0
CR,TRBUSDSL,2046,99.0
CR,TRBUSDSL,2047,99.0
CR,TRBUSDSL,2048,99.0
CR,TRBUSDSL,2049,99.0
CR,TRBUSDSL,2050,99.0
CR,TRBUSLPG,2018,0.0
CR,TRBUSLPG,2019,0.0
CR,TRBUSLPG,2020,0.0
CR,TRBUSLPG,2021,0.0
CR,TRBUSLPG,2022,0.0
CR,TRBUSLPG,2023,0.0
CR,TRBUSLPG,2024,0.0
CR,TRBUSLPG,2025,99.0
CR,TRBUSLPG,2026,99.0
CR,TRBUSLPG,2027,99.0
CR,TRBUSLPG,2028,99.0
CR,TRBUSLPG,2029,99.0
CR,TRBUSLPG,2030,99.0
CR,TRBUSLPG,2031,99.0
CR,TRBUSLPG,2032,99.0
CR,TRBUSLPG,2033,99.0
CR,TRBUSLPG,2034,99.0
CR,TRBUSLPG,2035,99.0
CR,TRBUSLPG,2036,99.0
CR,TRBUSLPG,2037,99.0
CR,TRBUSLPG,2038,99.0
CR,TRBUSLPG,2039,99.0
CR,TRBUSLPG,2040,99.0
CR,TRBUSLPG,2041,99.0
CR,TRBUSLPG,2042,99.0
CR,TRBUSLPG,2043,99.0
CR,TRBUSLPG,2044,99.0
CR,TRBUSLPG,2045,99.0
CR,TRBUSLPG,2046,99.0
CR,TRBUSLPG,2047,99.0
CR,TRBUSLPG,2048,99.0
CR,TRBUSLPG,2049,99.0
CR,TRBUSLPG,2050,99.0
CR,TRMBUSDSL,2018,0.4044
CR,TRMBUSDSL,2019,0.4129
CR,TRMBUSDSL,2020,0.4129
CR,TRMBUSDSL,2021,0.4129
CR,TRMBUSDSL,2022,0.4131
CR,TRMBUSDSL,2023,0.4245
CR,TRMBUSDSL,2024,0.4361
CR,TRMBUSDSL,2025,99.0
CR,TRMBUSDSL,2026,99.0
CR,TRMBUSDSL,2027,99.0
CR,TRMBUSDSL,2028,99.0
CR,TRMBUSDSL,2029,99.0
CR,TRMBUSDSL,2030,99.0
CR,TRMBUSDSL,2031,99.0
CR,TRMBUSDSL,2032,99.0
CR,TRMBUSDSL,2033,99.0
CR,TRMBUSDSL,2034,99.0
CR,TRMBUSDSL,2035,99.0
CR,TRMBUSDSL,2036,99.0
CR,TRMBUSDSL,2037,99.0
CR,TRMBUSDSL,2038,99.0
CR,TRMBUSDSL,2039,99.0
CR,TRMBUSDSL,2040,99.0
CR,TRMBUSDSL,2041,99.0
CR,TRMBUSDSL,2042,99.0
CR,TRMBUSDSL,2043,99.0
CR,TRMBUSDSL,2044,99.0
CR,TRMBUSDSL,2045,99.0
CR,TRMBUSDSL,2046,99.0
CR,TRMBUSDSL,2047,99.0
CR,TRMBUSDSL,2048,99.0
CR,TRMBUSDSL,2049,99.0
CR,TRMBUSDSL,2050,99.0
CR,TRMBUSLPG,2018,0.0
CR,TRMBUSLPG,2019,0.0
CR,TRMBUSLPG,2020,0.0
CR,TRMBUSLPG,2021,0.0
CR,TRMBUSLPG,2022,0.0
CR,TRMBUSLPG,2023,0.0
CR,TRMBUSLPG,2024,0.0
CR,TRMBUSLPG,2025,99.0
CR,TRMBUSLPG,2026,99.0
CR,TRMBUSLPG,2027,99.0
CR,TRMBUSLPG,2028,99.0
CR,TRMBUSLPG,2029,99.0
CR,TRMBUSLPG,2030,99.0
CR,TRMBUSLPG,2031,99.0
CR,TRMBUSLPG,2032,99.0
CR,TRMBUSLPG,2033,99.0
CR,TRMBUSLPG,2034,99.0
CR,TRMBUSLPG,2035,99.0
CR,TRMBUSLPG,2036,99.0
CR,TRMBUSLPG,2037,99.0
CR,TRMBUSLPG,2038,99.0
CR,TRMBUSLPG,2039,99.0
CR,TRMBUSLPG,2040,99.0
CR,TRMBUSLPG,2041,99.0
CR,TRMBUSLPG,2042,99.0
CR,TRMBUSLPG,2043,99.0
CR,TRMBUSLPG,2044,99.0
CR,TRMBUSLPG,2045,99.0
CR,TRMBUSLPG,2046,99.0
CR,TRMBUSLPG,2047,99.0
CR,TRMBUSLPG,2048,99.0
CR,TRMBUSLPG,2049,99.0
CR,TRMBUSLPG,2050,99.0
CR,TRTAXDSL,2018,0.5574
CR,TRTAXDSL,2019,0.5694
CR,TRTAXDSL,2020,0.5694
CR,TRTAXDSL,2021,0.5694
CR,TRTAXDSL,2022,0.5698
CR,TRTAXDSL,2023,0.5855
CR,TRTAXDSL,2024,0.6016
CR,TRTAXDSL,2025,99.0
CR,TRTAXDSL,2026,99.0
CR,TRTAXDSL,2027,99.0
CR,TRTAXDSL,2028,99.0
CR,TRTAXDSL,2029,99.0
CR,TRTAXDSL,2030,99.0
CR,TRTAXDSL,2031,99.0
CR,TRTAXDSL,2032,99.0
CR,TRTAXDSL,2033,99.0
CR,TRTAXDSL,2034,99.0
CR,TRTAXDSL,2035,99.0
CR,TRTAXDSL,2036,99.0
CR,TRTAXDSL,2037,99.0
CR,TRTAXDSL,2038,99.0
CR,TRTAXDSL,2039,99.0
CR,TRTAXDSL,2040,99.0
CR,TRTAXDSL,2041,99.0
CR,TRTAXDSL,2042,99.0
CR,TRTAXDSL,2043,99.0
CR,TRTAXDSL,2044,99.0
CR,TRTAXDSL,2045,99.0
CR,TRTAXDSL,2046,99.0
CR,TRTAXDSL,2047,99.0
CR,TRTAXDSL,2048,99.0
CR,TRTAXDSL,2049,99.0
CR,TRTAXDSL,2050,99.0
CR,TRTAXGSL,2018,0.5574
CR,TRTAXGSL,2019,0.5694
CR,TRTAXGSL,2020,0.5694
CR,TRTAXGSL,2021,0.5694
CR,TRTAXGSL,2022,0.5698
CR,TRTAXGSL,2023,0.5855
CR,TRTAXGSL,2024,0.6016
CR,TRTAXGSL,2025,99.0
CR,TRTAXGSL,2026,99.0
CR,TRTAXGSL,2027,99.0
CR,TRTAXGSL,2028,99.0
CR,TRTAXGSL,2029,99.0
CR,TRTAXGSL,2030,99.0
CR,TRTAXGSL,2031,99.0
CR,TRTAXGSL,2032,99.0
CR,TRTAXGSL,2033,99.0
CR,TRTAXGSL,2034,99.0
CR,TRTAXGSL,2035,99.0
CR,TRTAXGSL,2036,99.0
CR,TRTAXGSL,2037,99.0
CR,TRTAXGSL,2038,99.0
CR,TRTAXGSL,2039,99.0
CR,TRTAXGSL,2040,99.0
CR,TRTAXGSL,2041,99.0
CR,TRTAXGSL,2042,99.0
CR,TRTAXGSL,2043,99.0
CR,TRTAXGSL,2044,99.0
CR,TRTAXGSL,2045,99.0
CR,TRTAXGSL,2046,99.0
CR,TRTAXGSL,2047,99.0
CR,TRTAXGSL,2048,99.0
CR,TRTAXGSL,2049,99.0
CR,TRTAXGSL,2050,99.0
CR,TRYTKDSL,2018,1.8872
CR,TRYTKDSL,2019,1.9312
CR,TRYTKDSL,2020,1.9312
CR,TRYTKDSL,2021,1.9312
CR,TRYTKDSL,2022,1.9964
CR,TRYTKDSL,2023,2.0572
CR,TRYTKDSL,2024,2.1198
CR,TRYTKDSL,2025,99.0
CR,TRYTKDSL,2026,99.0
CR,TRYTKDSL,2027,99.0
CR,TRYTKDSL,2028,99.0
CR,TRYTKDSL,2029,99.0
CR,TRYTKDSL,2030,99.0
CR,TRYTKDSL,2031,99.0
CR,TRYTKDSL,2032,99.0
CR,TRYTKDSL,2033,99.0
CR,TRYTKDSL,2034,99.0
CR,TRYTKDSL,2035,99.0
CR,TRYTKDSL,2036,99.0
CR,TRYTKDSL,2037,99.0
CR,TRYTKDSL,2038,99.0
CR,TRYTKDSL,2039,99.0
CR,TRYTKDSL,2040,99.0
CR,TRYTKDSL,2041,99.0
CR,TRYTKDSL,2042,99.0
CR,TRYTKDSL,2043,99.0
CR,TRYTKDSL,2044,99.0
CR,TRYTKDSL,2045,99.0
CR,TRYTKDSL,2046,99.0
CR,TRYTKDSL,2047,99.0
CR,TRYTKDSL,2048,99.0
CR,TRYTKDSL,2049,99.0
CR,TRYTKDSL,2050,99.0
CR,TRYTKLPG,2018,0.0
CR,TRYTKLPG,2019,0.0
CR,TRYTKLPG,2020,0.0
CR,TRYTKLPG,2021,0.0
CR,TRYTKLPG,2022,0.0
CR,TRYTKLPG,2023,0.0
CR,TRYTKLPG,2024,0.0
CR,TRYTKLPG,2025,99.0
CR,TRYTKLPG,2026,99.0
CR,TRYTKLPG,2027,99.0
CR,TRYTKLPG,2028,99.0
CR,TRYTKLPG,2029,99.0
CR,TRYTKLPG,2030,99.0
CR,TRYTKLPG,2031,99.0
CR,TRYTKLPG,2032,99.0
CR,TRYTKLPG,2033,99.0
CR,TRYTKLPG,2034,99.0
CR,TRYTKLPG,2035,99.0
CR,TRYTKLPG,2036,99.0
CR,TRYTKLPG,2037,99.0
CR,TRYTKLPG,2038,99.0
CR,TRYTKLPG,2039,99.0
CR,TRYTKLPG,2040,99.0
CR,TRYTKLPG,2041,99.0
CR,TRYTKLPG,2042,99.0
CR,TRYTKLPG,2043,99.0
CR,TRYTKLPG,2044,99.0
CR,TRYTKLPG,2045,99.0
CR,TRYTKLPG,2046,99.0
CR,TRYTKLPG,2047,99.0
CR,TRYTKLPG,2048,99.0
CR,TRYTKLPG,2049,99.0
CR,TRYTKLPG,2050,99.0
CR,TRYLFDSL,2018,3.4312
CR,TRYLFDSL,2019,3.5113
CR,TRYLFDSL,2020,3.5113
CR,TRYLFDSL,2021,3.5113
CR,TRYLFDSL,2022,3.6297
CR,TRYLFDSL,2023,3.7402
CR,TRYLFDSL,2024,3.8542
CR,TRYLFDSL,2025,99.0
CR,TRYLFDSL,2026,99.0
CR,TRYLFDSL,2027,99.0
CR,TRYLFDSL,2028,99.0
CR,TRYLFDSL,2029,99.0
CR,TRYLFDSL,2030,99.0
CR,TRYLFDSL,2031,99.0
CR,TRYLFDSL,2032,99.0
CR,TRYLFDSL,2033,99.0
CR,TRYLFDSL,2034,99.0
CR,TRYLFDSL,2035,99.0
CR,TRYLFDSL,2036,99.0
CR,TRYLFDSL,2037,99.0
CR,TRYLFDSL,2038,99.0
CR,TRYLFDSL,2039,99.0
CR,TRYLFDSL,2040,99.0
CR,TRYLFDSL,2041,99.0
CR,TRYLFDSL,2042,99.0
CR,TRYLFDSL,2043,99.0
CR,TRYLFDSL,2044,99.0
CR,TRYLFDSL,2045,99.0
CR,TRYLFDSL,2046,99.0
CR,TRYLFDSL,2047,99.0
CR,TRYLFDSL,2048,99.0
CR,TRYLFDSL,2049,99.0
CR,TRYLFDSL,2050,99.0
CR,TRYLFGSL,2018,3.4312
CR,TRYLFGSL,2019,3.5113
CR,TRYLFGSL,2020,3.5113
CR,TRYLFGSL,2021,3.5113
CR,TRYLFGSL,2022,3.6297
CR,TRYLFGSL,2023,3.7402
CR,TRYLFGSL,2024,3.8542
CR,TRYLFGSL,2025,99.0
CR,TRYLFGSL,2026,99.0
CR,TRYLFGSL,2027,99.0
CR,TRYLFGSL,2028,99.0
CR,TRYLFGSL,2029,99.0
CR,TRYLFGSL,2030,99.0
CR,TRYLFGSL,2031,99.0
CR,TRYLFGSL,2032,99.0
CR,TRYLFGSL,2033,99.0
CR,TRYLFGSL,2034,99.0
CR,TRYLFGSL,2035,99.0
CR,TRYLFGSL,2036,99.0
CR,TRYLFGSL,2037,99.0
CR,TRYLFGSL,2038,99.0
CR,TRYLFGSL,2039,99.0
CR,TRYLFGSL,2040,99.0
CR,TRYLFGSL,2041,99.0
CR,TRYLFGSL,2042,99.0
CR,TRYLFGSL,2043,99.0
CR,TRYLFGSL,2044,99.0
CR,TRYLFGSL,2045,99.0
CR,TRYLFGSL,2046,99.0
CR,TRYLFGSL,2047,99.0
CR,TRYLFGSL,2048,99.0
CR,TRYLFGSL,2049,99.0
CR,TRYLFGSL,2050,99.0
CR,TRYLFLPG,2018,0.0
CR,TRYLFLPG,2019,0.0
CR,TRYLFLPG,2020,0.0
CR,TRYLFLPG,2021,0.0
CR,TRYLFLPG,2022,0.0
CR,TRYLFLPG,2023,0.0
CR,TRYLFLPG,2024,0.0
CR,TRYLFLPG,2025,99.0
CR,TRYLFLPG,2026,99.0
CR,TRYLFLPG,2027,99.0
CR,TRYLFLPG,2028,99.0
CR,TRYLFLPG,2029,99.0
CR,TRYLFLPG,2030,99.0
CR,TRYLFLPG,2031,99.0
CR,TRYLFLPG,2032,99.0
CR,TRYLFLPG,2033,99.0
CR,TRYLFLPG,2034,99.0
CR,TRYLFLPG,2035,99.0
CR,TRYLFLPG,2036,99.0
CR,TRYLFLPG,2037,99.0
CR,TRYLFLPG,2038,99.0
CR,TRYLFLPG,2039,99.0
CR,TRYLFLPG,2040,99.0
CR,TRYLFLPG,2041,99.0
CR,TRYLFLPG,2042,99.0
CR,TRYLFLPG,2043,99.0
CR,TRYLFLPG,2044,99.0
CR,TRYLFLPG,2045,99.0
CR,TRYLFLPG,2046,99.0
CR,TRYLFLPG,2047,99.0
CR,TRYLFLPG,2048,99.0
CR,TRYLFLPG,2049,99.0
CR,TRYLFLPG,2050,99.0
CR,INBOIBIO,2018,0.0622
CR,INBOIBIO,2019,0.06248139269406393
CR,INBOIBIO,2020,0.06429912480974126
CR,INBOIBIO,2021,0.0700013698630137
CR,INBOIBIO,2022,0.07348805175038053
CR,INBOIBIO,2023,0.07483356164383562
CR,INBOIBIO,2024,0.07620494672754946
CR,INBOIBIO,2025,0.07760220700152207
CR,INBOIBIO,2026,0.07902857686453577
CR,INBOIBIO,2027,0.08048082191780823
CR,INBOIBIO,2028,0.08195894216133942
CR,INBOIBIO,2029,0.08346940639269407
CR,INBOIBIO,2030,0.08500574581430745
CR,INBOIBIO,2031,0.08657442922374428
CR,INBOIBIO,2032,0.08817222222222221
CR,INBOIBIO,2033,0.08980235920852359
CR,INBOIBIO,2034,0.09146160578386606
CR,INBOIBIO,2035,0.09315319634703195
CR,INBOIBIO,2036,0.09488036529680366
CR,INBOIBIO,2037,0.09663987823439879
CR,INBOIBIO,2038,0.09843173515981735
CR,INBOIBIO,2039,0.10025917047184169
CR,INBOIBIO,2040,0.10211894977168948
CR,INBOIBIO,2041,0.10401754185692541
CR,INBOIBIO,2042,0.1059517123287671
CR,INBOIBIO,2043,0.10792469558599693
CR,INBOIBIO,2044,0.10993649162861491
CR,INBOIBIO,2045,0.11198386605783867
CR,INBOIBIO,2046,0.11407328767123287
CR,INBOIBIO,2047,0.11620152207001522
CR,INBOIBIO,2048,0.11836856925418568
CR,INBOIBIO,2049,0.12058089802130897
CR,INBOIBIO,2050,0.12283527397260274
CR,INBOIDSL,2018,0.0015
CR,INBOIDSL,2019,0.0015064687975646879
CR,INBOIDSL,2020,0.001551750380517504
CR,INBOIDSL,2021,0.0016843607305936075
CR,INBOIDSL,2022,0.001765220700152207
CR,INBOIDSL,2023,0.0018007990867579908
CR,INBOIDSL,2024,0.0018363774733637748
CR,INBOIDSL,2025,0.0018751902587519024
CR,INBOIDSL,2026,0.0019107686453576865
CR,INBOIDSL,2027,0.0019495814307458144
CR,INBOIDSL,2028,0.0019883942161339424
CR,INBOIDSL,2029,0.002030441400304414
CR,INBOIDSL,2030,0.0020692541856925416
CR,INBOIDSL,2031,0.002111301369863014
CR,INBOIDSL,2032,0.0021533485540334856
CR,INBOIDSL,2033,0.0021986301369863012
CR,INBOIDSL,2034,0.0022439117199391173
CR,INBOIDSL,2035,0.002289193302891933
CR,INBOIDSL,2036,0.002334474885844749
CR,INBOIDSL,2037,0.0023829908675799087
CR,INBOIDSL,2038,0.0024315068493150687
CR,INBOIDSL,2039,0.0024800228310502283
CR,INBOIDSL,2040,0.0025317732115677323
CR,INBOIDSL,2041,0.0025835235920852358
CR,INBOIDSL,2042,0.0026352739726027397
CR,INBOIDSL,2043,0.002690258751902587
CR,INBOIDSL,2044,0.0027452435312024354
CR,INBOIDSL,2045,0.002800228310502283
CR,INBOIDSL,2046,0.0028584474885844746
CR,INBOIDSL,2047,0.002916666666666667
CR,INBOIDSL,2048,0.0029781202435312025
CR,INBOIDSL,2049,0.003039573820395738
CR,INBOIDSL,2050,0.0031010273972602743
CR,INBOIELE,2018,0.0
CR,INBOIELE,2019,0.0
CR,INBOIELE,2020,0.0
CR,INBOIELE,2021,0.0
CR,INBOIELE,2022,0.0
CR,INBOIELE,2023,0.0
CR,INBOIELE,2024,0.0
CR,INBOIELE,2025,0.0
CR,INBOIELE,2026,0.0
CR,INBOIELE,2027,0.0
CR,INBOIELE,2028,0.0
CR,INBOIELE,2029,0.0
CR,INBOIELE,2030,0.0
CR,INBOIELE,2031,0.0
CR,INBOIELE,2032,0.0
CR,INBOIELE,2033,0.0
CR,INBOIELE,2034,0.0
CR,INBOIELE,2035,0.0
CR,INBOIELE,2036,0.0
CR,INBOIELE,2037,0.0
CR,INBOIELE,2038,0.0
CR,INBOIELE,2039,0.0
CR,INBOIELE,2040,0.0
CR,INBOIELE,2041,0.0
CR,INBOIELE,2042,0.0
CR,INBOIELE,2043,0.0
CR,INBOIELE,2044,0.0
CR,INBOIELE,2045,0.0
CR,INBOIELE,2046,0.0
CR,INBOIELE,2047,0.0
CR,INBOIELE,2048,0.0
CR,INBOIELE,2049,0.0
CR,INBOIELE,2050,0.0
CR,INBOIFOI,2018,0.0826
CR,INBOIFOI,2019,0.08297519025875191
CR,INBOIFOI,2020,0.08538805175038054
CR,INBOIFOI,2021,0.09295654490106546
CR,INBOIFOI,2022,0.09758496955859972
CR,INBOIFOI,2023,0.09948356164383564
CR,INBOIFOI,2024,0.10142096651445967
CR,INBOIFOI,2025,0.10339718417047185
CR,INBOIFOI,2026,0.1054154490106545
CR,INBOIFOI,2027,0.10747576103500762
CR,INBOIFOI,2028,0.10958135464231356
CR,INBOIFOI,2029,0.11172899543378997
CR,INBOIFOI,2030,0.11391868340943684
CR,INBOIFOI,2031,0.11615688736681888
CR,INBOIFOI,2032,0.11844037290715374
CR,INBOIFOI,2033,0.12077237442922376
CR,INBOIFOI,2034,0.12315289193302893
CR,INBOIFOI,2035,0.12558192541856927
CR,INBOIFOI,2036,0.1280627092846271
CR,INBOIFOI,2037,0.13059524353120244
CR,INBOIFOI,2038,0.1331795281582953
CR,INBOIFOI,2039,0.13581556316590565
CR,INBOIFOI,2040,0.13850981735159817
CR,INBOIFOI,2041,0.14125905631659058
CR,INBOIFOI,2042,0.14406328006088281
CR,INBOIFOI,2043,0.1469289573820396
CR,INBOIFOI,2044,0.14985285388127856
CR,INBOIFOI,2045,0.15283820395738207
CR,INBOIFOI,2046,0.15588500761035007
CR,INBOIFOI,2047,0.15899649923896497
CR,INBOIFOI,2048,0.16216944444444442
CR,INBOIFOI,2049,0.1654135464231355
CR,INBOIFOI,2050,0.16871910197869106
CR,INBOIHYD,2018,0.0
CR,INBOIHYD,2019,0.0
CR,INBOIHYD,2020,0.0
CR,INBOIHYD,2021,0.0
CR,INBOIHYD,2022,0.0
CR,INBOIHYD,2023,0.0
CR,INBOIHYD,2024,0.0
CR,INBOIHYD,2025,0.0
CR,INBOIHYD,2026,0.0
CR,INBOIHYD,2027,0.0
CR,INBOIHYD,2028,0.0
CR,INBOIHYD,2029,0.0
CR,INBOIHYD,2030,0.0
CR,INBOIHYD,2031,0.0
CR,INBOIHYD,2032,0.0
CR,INBOIHYD,2033,0.0
CR,INBOIHYD,2034,0.0
CR,INBOIHYD,2035,0.0
CR,INBOIHYD,2036,0.0
CR,INBOIHYD,2037,0.0
CR,INBOIHYD,2038,0.0
CR,INBOIHYD,2039,0.0
CR,INBOIHYD,2040,0.0
CR,INBOIHYD,2041,0.0
CR,INBOIHYD,2042,0.0
CR,INBOIHYD,2043,0.0
CR,INBOIHYD,2044,0.0
CR,INBOIHYD,2045,0.0
CR,INBOIHYD,2046,0.0
CR,INBOIHYD,2047,0.0
CR,INBOIHYD,2048,0.0
CR,INBOIHYD,2049,0.0
CR,INBOIHYD,2050,0.0
CR,INBOILPG,2018,32.31164383561644
CR,INBOILPG,2019,32.31164383561644
CR,INBOILPG,2020,32.31164383561644
CR,INBOILPG,2021,32.31164383561644
CR,INBOILPG,2022,32.31164383561644
CR,INBOILPG,2023,32.31164383561644
CR,INBOILPG,2024,32.31164383561644
CR,INBOILPG,2025,32.31164383561644
CR,INBOILPG,2026,32.31164383561644
CR,INBOILPG,2027,32.31164383561644
CR,INBOILPG,2028,32.31164383561644
CR,INBOILPG,2029,32.31164383561644
CR,INBOILPG,2030,32.31164383561644
CR,INBOILPG,2031,32.31164383561644
CR,INBOILPG,2032,32.31164383561644
CR,INBOILPG,2033,32.31164383561644
CR,INBOILPG,2034,32.31164383561644
CR,INBOILPG,2035,32.31164383561644
CR,INBOILPG,2036,32.31164383561644
CR,INBOILPG,2037,32.31164383561644
CR,INBOILPG,2038,32.31164383561644
CR,INBOILPG,2039,32.31164383561644
CR,INBOILPG,2040,32.31164383561644
CR,INBOILPG,2041,32.31164383561644
CR,INBOILPG,2042,32.31164383561644
CR,INBOILPG,2043,32.31164383561644
CR,INBOILPG,2044,32.31164383561644
CR,INBOILPG,2045,32.31164383561644
CR,INBOILPG,2046,32.31164383561644
CR,INBOILPG,2047,32.31164383561644
CR,INBOILPG,2048,32.31164383561644
CR,INBOILPG,2049,32.31164383561644
CR,INBOILPG,2050,32.31164383561644
CR,INBOINGS,2018,0.0
CR,INBOINGS,2019,0.0
CR,INBOINGS,2020,0.0
CR,INBOINGS,2021,0.0
CR,INBOINGS,2022,0.0
CR,INBOINGS,2023,0.0
CR,INBOINGS,2024,0.0
CR,INBOINGS,2025,0.0
CR,INBOINGS,2026,0.0
CR,INBOINGS,2027,0.0
CR,INBOINGS,2028,0.0
CR,INBOINGS,2029,0.0
CR,INBOINGS,2030,0.0
CR,INBOINGS,2031,0.0
CR,INBOINGS,2032,0.0
CR,INBOINGS,2033,0.0
CR,INBOINGS,2034,0.0
CR,INBOINGS,2035,0.0
CR,INBOINGS,2036,0.0
CR,INBOINGS,2037,0.0
CR,INBOINGS,2038,0.0
CR,INBOINGS,2039,0.0
CR,INBOINGS,2040,0.0
CR,INBOINGS,2041,0.0
CR,INBOINGS,2042,0.0
CR,INBOINGS,2043,0.0
CR,INBOINGS,2044,0.0
CR,INBOINGS,2045,0.0
CR,INBOINGS,2046,0.0
CR,INBOINGS,2047,0.0
CR,INBOINGS,2048,0.0
CR,INBOINGS,2049,0.0
CR,INBOINGS,2050,0.0
CR,INEDOELE,2018,32.31164383561644
CR,INEDOELE,2019,32.31164383561644
CR,INEDOELE,2020,32.31164383561644
CR,INEDOELE,2021,32.31164383561644
CR,INEDOELE,2022,32.31164383561644
CR,INEDOELE,2023,32.31164383561644
CR,INEDOELE,2024,32.31164383561644
CR,INEDOELE,2025,32.31164383561644
CR,INEDOELE,2026,32.31164383561644
CR,INEDOELE,2027,32.31164383561644
CR,INEDOELE,2028,32.31164383561644
CR,INEDOELE,2029,32.31164383561644
CR,INEDOELE,2030,32.31164383561644
CR,INEDOELE,2031,32.31164383561644
CR,INEDOELE,2032,32.31164383561644
CR,INEDOELE,2033,32.31164383561644
CR,INEDOELE,2034,32.31164383561644
CR,INEDOELE,2035,32.31164383561644
CR,INEDOELE,2036,32.31164383561644
CR,INEDOELE,2037,32.31164383561644
CR,INEDOELE,2038,32.31164383561644
CR,INEDOELE,2039,32.31164383561644
CR,INEDOELE,2040,32.31164383561644
CR,INEDOELE,2041,32.31164383561644
CR,INEDOELE,2042,32.31164383561644
CR,INEDOELE,2043,32.31164383561644
CR,INEDOELE,2044,32.31164383561644
CR,INEDOELE,2045,32.31164383561644
CR,INEDOELE,2046,32.31164383561644
CR,INEDOELE,2047,32.31164383561644
CR,INEDOELE,2048,32.31164383561644
CR,INEDOELE,2049,32.31164383561644
CR,INEDOELE,2050,32.31164383561644
CR,INHCEBIO,2018,32.31164383561644
CR,INHCEBIO,2019,32.31164383561644
CR,INHCEBIO,2020,32.31164383561644
CR,INHCEBIO,2021,32.31164383561644
CR,INHCEBIO,2022,32.31164383561644
CR,INHCEBIO,2023,32.31164383561644
CR,INHCEBIO,2024,32.31164383561644
CR,INHCEBIO,2025,32.31164383561644
CR,INHCEBIO,2026,32.31164383561644
CR,INHCEBIO,2027,32.31164383561644
CR,INHCEBIO,2028,32.31164383561644
CR,INHCEBIO,2029,32.31164383561644
CR,INHCEBIO,2030,32.31164383561644
CR,INHCEBIO,2031,32.31164383561644
CR,INHCEBIO,2032,32.31164383561644
CR,INHCEBIO,2033,32.31164383561644
CR,INHCEBIO,2034,32.31164383561644
CR,INHCEBIO,2035,32.31164383561644
CR,INHCEBIO,2036,32.31164383561644
CR,INHCEBIO,2037,32.31164383561644
CR,INHCEBIO,2038,32.31164383561644
CR,INHCEBIO,2039,32.31164383561644
CR,INHCEBIO,2040,32.31164383561644
CR,INHCEBIO,2041,32.31164383561644
CR,INHCEBIO,2042,32.31164383561644
CR,INHCEBIO,2043,32.31164383561644
CR,INHCEBIO,2044,32.31164383561644
CR,INHCEBIO,2045,32.31164383561644
CR,INHCEBIO,2046,32.31164383561644
CR,INHCEBIO,2047,32.31164383561644
CR,INHCEBIO,2048,32.31164383561644
CR,INHCEBIO,2049,32.31164383561644
CR,INHCEBIO,2050,32.31164383561644
CR,INHCEBO2,2018,32.31164383561644
CR,INHCEBO2,2019,32.31164383561644
CR,INHCEBO2,2020,32.31164383561644
CR,INHCEBO2,2021,32.31164383561644
CR,INHCEBO2,2022,32.31164383561644
CR,INHCEBO2,2023,32.31164383561644
CR,INHCEBO2,2024,32.31164383561644
CR,INHCEBO2,2025,32.31164383561644
CR,INHCEBO2,2026,32.31164383561644
CR,INHCEBO2,2027,32.31164383561644
CR,INHCEBO2,2028,32.31164383561644
CR,INHCEBO2,2029,32.31164383561644
CR,INHCEBO2,2030,32.31164383561644
CR,INHCEBO2,2031,32.31164383561644
CR,INHCEBO2,2032,32.31164383561644
CR,INHCEBO2,2033,32.31164383561644
CR,INHCEBO2,2034,32.31164383561644
CR,INHCEBO2,2035,32.31164383561644
CR,INHCEBO2,2036,32.31164383561644
CR,INHCEBO2,2037,32.31164383561644
CR,INHCEBO2,2038,32.31164383561644
CR,INHCEBO2,2039,32.31164383561644
CR,INHCEBO2,2040,32.31164383561644
CR,INHCEBO2,2041,32.31164383561644
CR,INHCEBO2,2042,32.31164383561644
CR,INHCEBO2,2043,32.31164383561644
CR,INHCEBO2,2044,32.31164383561644
CR,INHCEBO2,2045,32.31164383561644
CR,INHCEBO2,2046,32.31164383561644
CR,INHCEBO2,2047,32.31164383561644
CR,INHCEBO2,2048,32.31164383561644
CR,INHCEBO2,2049,32.31164383561644
CR,INHCEBO2,2050,32.31164383561644
CR,INHCECOK,2018,0.1463
CR,INHCECOK,2019,0.14674958143074585
CR,INHCECOK,2020,0.1496540715372907
CR,INHCECOK,2021,0.1587621385083714
CR,INHCECOK,2022,0.16433177321156775
CR,INHCECOK,2023,0.1667122907153729
CR,INHCECOK,2024,0.16914779299847793
CR,INHCECOK,2025,0.17163504566210047
CR,INHCECOK,2026,0.17417728310502284
CR,INHCECOK,2027,0.1767712709284627
CR,INHCECOK,2028,0.1794267123287671
CR,INHCECOK,2029,0.1821371385083714
CR,INHCECOK,2030,0.18490578386605785
CR,INHCECOK,2031,0.18773588280060882
CR,INHCECOK,2032,0.1906274353120244
CR,INHCECOK,2033,0.19358367579908678
CR,INHCECOK,2034,0.19660136986301371
CR,INHCECOK,2035,0.19968698630136986
CR,INHCECOK,2036,0.2028372907153729
CR,INHCECOK,2037,0.20605875190258754
CR,INHCECOK,2038,0.20934813546423137
CR,INHCECOK,2039,0.21271191019786911
CR,INHCECOK,2040,0.2161468417047184
CR,INHCECOK,2041,0.21965616438356167
CR,INHCECOK,2042,0.22324311263318114
CR,INHCECOK,2043,0.22690768645357687
CR,INHCECOK,2044,0.23064988584474888
CR,INHCECOK,2045,0.23447617960426181
CR,INHCECOK,2046,0.2383865677321157
CR,INHCECOK,2047,0.24237781582952816
CR,INHCECOK,2048,0.24645962709284627
CR,INHCECOK,2049,0.2506287671232877
CR,INHCECOK,2050,0.2548884703196347
CR,INHCEELE,2018,32.31164383561644
CR,INHCEELE,2019,32.31164383561644
CR,INHCEELE,2020,32.31164383561644
CR,INHCEELE,2021,32.31164383561644
CR,INHCEELE,2022,32.31164383561644
CR,INHCEELE,2023,32.31164383561644
CR,INHCEELE,2024,32.31164383561644
CR,INHCEELE,2025,32.31164383561644
CR,INHCEELE,2026,32.31164383561644
CR,INHCEELE,2027,32.31164383561644
CR,INHCEELE,2028,32.31164383561644
CR,INHCEELE,2029,32.31164383561644
CR,INHCEELE,2030,32.31164383561644
CR,INHCEELE,2031,32.31164383561644
CR,INHCEELE,2032,32.31164383561644
CR,INHCEELE,2033,32.31164383561644
CR,INHCEELE,2034,32.31164383561644
CR,INHCEELE,2035,32.31164383561644
CR,INHCEELE,2036,32.31164383561644
CR,INHCEELE,2037,32.31164383561644
CR,INHCEELE,2038,32.31164383561644
CR,INHCEELE,2039,32.31164383561644
CR,INHCEELE,2040,32.31164383561644
CR,INHCEELE,2041,32.31164383561644
CR,INHCEELE,2042,32.31164383561644
CR,INHCEELE,2043,32.31164383561644
CR,INHCEELE,2044,32.31164383561644
CR,INHCEELE,2045,32.31164383561644
CR,INHCEELE,2046,32.31164383561644
CR,INHCEELE,2047,32.31164383561644
CR,INHCEELE,2048,32.31164383561644
CR,INHCEELE,2049,32.31164383561644
CR,INHCEELE,2050,32.31164383561644
CR,INHCEHYD,2018,32.31164383561644
CR,INHCEHYD,2019,32.31164383561644
CR,INHCEHYD,2020,32.31164383561644
CR,INHCEHYD,2021,32.31164383561644
CR,INHCEHYD,2022,32.31164383561644
CR,INHCEHYD,2023,32.31164383561644
CR,INHCEHYD,2024,32.31164383561644
CR,INHCEHYD,2025,32.31164383561644
CR,INHCEHYD,2026,32.31164383561644
CR,INHCEHYD,2027,32.31164383561644
CR,INHCEHYD,2028,32.31164383561644
CR,INHCEHYD,2029,32.31164383561644
CR,INHCEHYD,2030,32.31164383561644
CR,INHCEHYD,2031,32.31164383561644
CR,INHCEHYD,2032,32.31164383561644
CR,INHCEHYD,2033,32.31164383561644
CR,INHCEHYD,2034,32.31164383561644
CR,INHCEHYD,2035,32.31164383561644
CR,INHCEHYD,2036,32.31164383561644
CR,INHCEHYD,2037,32.31164383561644
CR,INHCEHYD,2038,32.31164383561644
CR,INHCEHYD,2039,32.31164383561644
CR,INHCEHYD,2040,32.31164383561644
CR,INHCEHYD,2041,32.31164383561644
CR,INHCEHYD,2042,32.31164383561644
CR,INHCEHYD,2043,32.31164383561644
CR,INHCEHYD,2044,32.31164383561644
CR,INHCEHYD,2045,32.31164383561644
CR,INHCEHYD,2046,32.31164383561644
CR,INHCEHYD,2047,32.31164383561644
CR,INHCEHYD,2048,32.31164383561644
CR,INHCEHYD,2049,32.31164383561644
CR,INHCEHYD,2050,32.31164383561644
CR,INHFOBIO,2018,0.0056
CR,INHFOBIO,2019,0.005625875190258753
CR,INHFOBIO,2020,0.005787595129375952
CR,INHFOBIO,2021,0.006295395738203958
CR,INHFOBIO,2022,0.006609132420091324
CR,INHFOBIO,2023,0.006757914764079148
CR,INHFOBIO,2024,0.006909931506849315
CR,INHFOBIO,2025,0.007065182648401826
CR,INHFOBIO,2026,0.007226902587519026
CR,INHFOBIO,2027,0.007388622526636226
CR,INHFOBIO,2028,0.007556811263318113
CR,INHFOBIO,2029,0.0077282343987823444
CR,INHFOBIO,2030,0.007906126331811262
CR,INHFOBIO,2031,0.008084018264840183
CR,INHFOBIO,2032,0.00826837899543379
CR,INHFOBIO,2033,0.008459208523592086
CR,INHFOBIO,2034,0.008653272450532726
CR,INHFOBIO,2035,0.008850570776255708
CR,INHFOBIO,2036,0.00905433789954338
CR,INHFOBIO,2037,0.009261339421613394
CR,INHFOBIO,2038,0.009474809741248098
CR,INHFOBIO,2039,0.009691514459665145
CR,INHFOBIO,2040,0.009914687975646881
CR,INHFOBIO,2041,0.010144330289193301
CR,INHFOBIO,2042,0.01037720700152207
CR,INHFOBIO,2043,0.010616552511415526
CR,INHFOBIO,2044,0.010862366818873669
CR,INHFOBIO,2045,0.011111415525114157
CR,INHFOBIO,2046,0.011370167427701673
CR,INHFOBIO,2047,0.011632153729071535
CR,INHFOBIO,2048,0.011903843226788433
CR,INHFOBIO,2049,0.012178767123287672
CR,INHFOBIO,2050,0.012460159817351598
CR,INHFODSL,2018,0.0027
CR,INHFODSL,2019,0.0027129375951293762
CR,INHFODSL,2020,0.002793797564687976
CR,INHFODSL,2021,0.003046080669710807
CR,INHFODSL,2022,0.003201331811263318
CR,INHFODSL,2023,0.003269254185692542
CR,INHFODSL,2024,0.003337176560121766
CR,INHFODSL,2025,0.0034050989345509896
CR,INHFODSL,2026,0.0034762557077625575
CR,INHFODSL,2027,0.0035474124809741253
CR,INHFODSL,2028,0.003621803652968037
CR,INHFODSL,2029,0.003699429223744293
CR,INHFODSL,2030,0.003773820395738204
CR,INHFODSL,2031,0.003854680365296804
CR,INHFODSL,2032,0.003935540334855404
CR,INHFODSL,2033,0.004016400304414003
CR,INHFODSL,2034,0.004100494672754947
CR,INHFODSL,2035,0.004187823439878234
CR,INHFODSL,2036,0.004275152207001523
CR,INHFODSL,2037,0.004365715372907154
CR,INHFODSL,2038,0.004456278538812785
CR,INHFODSL,2039,0.004550076103500761
CR,INHFODSL,2040,0.004647108066971082
CR,INHFODSL,2041,0.0047441400304414
CR,INHFODSL,2042,0.004844406392694065
CR,INHFODSL,2043,0.004944672754946727
CR,INHFODSL,2044,0.0050514079147640795
CR,INHFODSL,2045,0.005158143074581431
CR,INHFODSL,2046,0.005264878234398782
CR,INHFODSL,2047,0.005378082191780822
CR,INHFODSL,2048,0.0054912861491628615
CR,INHFODSL,2049,0.005607724505327245
CR,INHFODSL,2050,0.005724162861491629
CR,INHFOELE,2018,0.117
CR,INHFOELE,2019,0.11752720700152205
CR,INHFOELE,2020,0.12094596651445966
CR,INHFOELE,2021,0.1316615296803653
CR,INHFOELE,2022,0.1382144216133942
CR,INHFOELE,2023,0.14109950532724502
CR,INHFOELE,2024,0.1440460426179604
CR,INHFOELE,2025,0.14706050228310502
CR,INHFOELE,2026,0.1501396499238965
CR,INHFOELE,2027,0.15328995433789955
CR,INHFOELE,2028,0.1565081811263318
CR,INHFOELE,2029,0.15980079908675798
CR,INHFOELE,2030,0.1631678082191781
CR,INHFOELE,2031,0.1666059741248097
CR,INHFOELE,2032,0.17012499999999997
CR,INHFOELE,2033,0.17372165144596652
CR,INHFOELE,2034,0.1773991628614916
CR,INHFOELE,2035,0.18115753424657532
CR,INHFOELE,2036,0.185
CR,INHFOELE,2037,0.18892979452054792
CR,INHFOELE,2038,0.1929469178082192
CR,INHFOELE,2039,0.1970513698630137
CR,INHFOELE,2040,0.2012496194824962
CR,INHFOELE,2041,0.20554490106544898
CR,INHFOELE,2042,0.20993074581430743
CR,INHFOELE,2043,0.21441685692541856
CR,INHFOELE,2044,0.21900323439878233
CR,INHFOELE,2045,0.2236931126331811
CR,INHFOELE,2046,0.2284864916286149
CR,INHFOELE,2047,0.23338984018264836
CR,INHFOELE,2048,0.23839992389649922
CR,INHFOELE,2049,0.2435232115677321
CR,INHFOELE,2050,0.24875970319634705
CR,INHFOFOI,2018,0.0079
CR,INHFOFOI,2019,0.007935578386605786
CR,INHFOFOI,2020,0.008165220700152208
CR,INHFOFOI,2021,0.008892960426179604
CR,INHFOFOI,2022,0.009336073059360732
CR,INHFOFOI,2023,0.009526902587519027
CR,INHFOFOI,2024,0.009720966514459667
CR,INHFOFOI,2025,0.009918264840182649
CR,INHFOFOI,2026,0.010122031963470321
CR,INHFOFOI,2027,0.010329033485540338
CR,INHFOFOI,2028,0.010539269406392694
CR,INHFOFOI,2029,0.010755974124809744
CR,INHFOFOI,2030,0.010979147640791477
CR,INHFOFOI,2031,0.011202321156773214
CR,INHFOFOI,2032,0.011435197869101979
CR,INHFOFOI,2033,0.01167130898021309
CR,INHFOFOI,2034,0.011910654490106545
CR,INHFOFOI,2035,0.012156468797564692
CR,INHFOFOI,2036,0.012408751902587521
CR,INHFOFOI,2037,0.012664269406392696
CR,INHFOFOI,2038,0.012929490106544903
CR,INHFOFOI,2039,0.01319471080669711
CR,INHFOFOI,2040,0.01346963470319635
CR,INHFOFOI,2041,0.013751027397260276
CR,INHFOFOI,2042,0.014035654490106547
CR,INHFOFOI,2043,0.014329984779299847
CR,INHFOFOI,2044,0.014627549467275496
CR,INHFOFOI,2045,0.014931582952815832
CR,INHFOFOI,2046,0.015245319634703196
CR,INHFOFOI,2047,0.01556229071537291
CR,INHFOFOI,2048,0.01588896499238965
CR,INHFOFOI,2049,0.01622210806697108
CR,INHFOFOI,2050,0.0165617199391172
CR,INHFOLPG,2018,0.065
CR,INHFOLPG,2019,0.06529433028919332
CR,INHFOLPG,2020,0.06719292237442923
CR,INHFOLPG,2021,0.07315391933028921
CR,INHFOLPG,2022,0.07679261796042618
CR,INHFOLPG,2023,0.07836777016742771
CR,INHFOLPG,2024,0.079978500761035
CR,INHFOLPG,2025,0.08162157534246577
CR,INHFOLPG,2026,0.08330022831050228
CR,INHFOLPG,2027,0.08501769406392695
CR,INHFOLPG,2028,0.08677397260273974
CR,INHFOLPG,2029,0.08856906392694065
CR,INHFOLPG,2030,0.09040296803652967
CR,INHFOLPG,2031,0.09227568493150685
CR,INHFOLPG,2032,0.09419044901065449
CR,INHFOLPG,2033,0.09614726027397262
CR,INHFOLPG,2034,0.09814611872146119
CR,INHFOLPG,2035,0.1001902587519026
CR,INHFOLPG,2036,0.10227968036529682
CR,INHFOLPG,2037,0.10441438356164384
CR,INHFOLPG,2038,0.10659436834094368
CR,INHFOLPG,2039,0.10882286910197869
CR,INHFOLPG,2040,0.11110312024353121
CR,INHFOLPG,2041,0.11343188736681888
CR,INHFOLPG,2042,0.11580917047184171
CR,INHFOLPG,2043,0.11824143835616438
CR,INHFOLPG,2044,0.12072869101978691
CR,INHFOLPG,2045,0.12326769406392694
CR,INHFOLPG,2046,0.12586491628614915
CR,INHFOLPG,2047,0.12851712328767123
CR,INHFOLPG,2048,0.1312275494672755
CR,INHFOLPG,2049,0.1339994292237443
CR,INHFOLPG,2050,0.1368295281582953
CR,INHFOMCO,2018,0.0
CR,INHFOMCO,2019,0.0
CR,INHFOMCO,2020,0.0
CR,INHFOMCO,2021,0.0
CR,INHFOMCO,2022,0.0
CR,INHFOMCO,2023,0.0
CR,INHFOMCO,2024,0.0
CR,INHFOMCO,2025,0.0
CR,INHFOMCO,2026,0.0
CR,INHFOMCO,2027,0.0
CR,INHFOMCO,2028,0.0
CR,INHFOMCO,2029,0.0
CR,INHFOMCO,2030,0.0
CR,INHFOMCO,2031,0.0
CR,INHFOMCO,2032,0.0
CR,INHFOMCO,2033,0.0
CR,INHFOMCO,2034,0.0
CR,INHFOMCO,2035,0.0
CR,INHFOMCO,2036,0.0
CR,INHFOMCO,2037,0.0
CR,INHFOMCO,2038,0.0
CR,INHFOMCO,2039,0.0
CR,INHFOMCO,2040,0.0
CR,INHFOMCO,2041,0.0
CR,INHFOMCO,2042,0.0
CR,INHFOMCO,2043,0.0
CR,INHFOMCO,2044,0.0
CR,INHFOMCO,2045,0.0
CR,INHFOMCO,2046,0.0
CR,INHFOMCO,2047,0.0
CR,INHFOMCO,2048,0.0
CR,INHFOMCO,2049,0.0
CR,INHFOMCO,2050,0.0
CR,INHGLELE,2018,0.0
CR,INHGLELE,2019,0.0
CR,INHGLELE,2020,0.0
CR,INHGLELE,2021,0.0
CR,INHGLELE,2022,0.0
CR,INHGLELE,2023,0.0
CR,INHGLELE,2024,0.0
CR,INHGLELE,2025,0.0
CR,INHGLELE,2026,0.0
CR,INHGLELE,2027,0.0
CR,INHGLELE,2028,0.0
CR,INHGLELE,2029,0.0
CR,INHGLELE,2030,0.0
CR,INHGLELE,2031,0.0
CR,INHGLELE,2032,0.0
CR,INHGLELE,2033,0.0
CR,INHGLELE,2034,0.0
CR,INHGLELE,2035,0.0
CR,INHGLELE,2036,0.0
CR,INHGLELE,2037,0.0
CR,INHGLELE,2038,0.0
CR,INHGLELE,2039,0.0
CR,INHGLELE,2040,0.0
CR,INHGLELE,2041,0.0
CR,INHGLELE,2042,0.0
CR,INHGLELE,2043,0.0
CR,INHGLELE,2044,0.0
CR,INHGLELE,2045,0.0
CR,INHGLELE,2046,0.0
CR,INHGLELE,2047,0.0
CR,INHGLELE,2048,0.0
CR,INHGLELE,2049,0.0
CR,INHGLELE,2050,0.0
CR,INHGLFOI,2018,0.0055
CR,INHGLFOI,2019,0.005522640791476408
CR,INHGLFOI,2020,0.005684360730593608
CR,INHGLFOI,2021,0.006185692541856924
CR,INHGLFOI,2022,0.006496194824961947
CR,INHGLFOI,2023,0.006625570776255708
CR,INHGLFOI,2024,0.006758181126331811
CR,INHGLFOI,2025,0.006890791476407914
CR,INHGLFOI,2026,0.0070298706240487065
CR,INHGLFOI,2027,0.007172184170471841
CR,INHGLFOI,2028,0.007314497716894978
CR,INHGLFOI,2029,0.007463280060882801
CR,INHGLFOI,2030,0.007612062404870624
CR,INHGLFOI,2031,0.007767313546423135
CR,INHGLFOI,2032,0.007922564687975647
CR,INHGLFOI,2033,0.008084284627092847
CR,INHGLFOI,2034,0.008246004566210045
CR,INHGLFOI,2035,0.008414193302891934
CR,INHGLFOI,2036,0.008585616438356165
CR,INHGLFOI,2037,0.008757039573820395
CR,INHGLFOI,2038,0.008934931506849314
CR,INHGLFOI,2039,0.009119292237442922
CR,INHGLFOI,2040,0.00930365296803653
CR,INHGLFOI,2041,0.009494482496194827
CR,INHGLFOI,2042,0.009688546423135463
CR,INHGLFOI,2043,0.009885844748858447
CR,INHGLFOI,2044,0.010086377473363774
CR,INHGLFOI,2045,0.010293378995433792
CR,INHGLFOI,2046,0.010503614916286149
CR,INHGLFOI,2047,0.010720319634703197
CR,INHGLFOI,2048,0.010940258751902587
CR,INHGLFOI,2049,0.011163432267884323
CR,INHGLFOI,2050,0.011393074581430745
CR,INHGLHYD,2018,0.0
CR,INHGLHYD,2019,0.0
CR,INHGLHYD,2020,0.0
CR,INHGLHYD,2021,0.0
CR,INHGLHYD,2022,0.0
CR,INHGLHYD,2023,0.0
CR,INHGLHYD,2024,0.0
CR,INHGLHYD,2025,0.0
CR,INHGLHYD,2026,0.0
CR,INHGLHYD,2027,0.0
CR,INHGLHYD,2028,0.0
CR,INHGLHYD,2029,0.0
CR,INHGLHYD,2030,0.0
CR,INHGLHYD,2031,0.0
CR,INHGLHYD,2032,0.0
CR,INHGLHYD,2033,0.0
CR,INHGLHYD,2034,0.0
CR,INHGLHYD,2035,0.0
CR,INHGLHYD,2036,0.0
CR,INHGLHYD,2037,0.0
CR,INHGLHYD,2038,0.0
CR,INHGLHYD,2039,0.0
CR,INHGLHYD,2040,0.0
CR,INHGLHYD,2041,0.0
CR,INHGLHYD,2042,0.0
CR,INHGLHYD,2043,0.0
CR,INHGLHYD,2044,0.0
CR,INHGLHYD,2045,0.0
CR,INHGLHYD,2046,0.0
CR,INHGLHYD,2047,0.0
CR,INHGLHYD,2048,0.0
CR,INHGLHYD,2049,0.0
CR,INHGLHYD,2050,0.0
CR,INHGLLPG,2018,32.31164383561644
CR,INHGLLPG,2019,32.31164383561644
CR,INHGLLPG,2020,32.31164383561644
CR,INHGLLPG,2021,32.31164383561644
CR,INHGLLPG,2022,32.31164383561644
CR,INHGLLPG,2023,32.31164383561644
CR,INHGLLPG,2024,32.31164383561644
CR,INHGLLPG,2025,32.31164383561644
CR,INHGLLPG,2026,32.31164383561644
CR,INHGLLPG,2027,32.31164383561644
CR,INHGLLPG,2028,32.31164383561644
CR,INHGLLPG,2029,32.31164383561644
CR,INHGLLPG,2030,32.31164383561644
CR,INHGLLPG,2031,32.31164383561644
CR,INHGLLPG,2032,32.31164383561644
CR,INHGLLPG,2033,32.31164383561644
CR,INHGLLPG,2034,32.31164383561644
CR,INHGLLPG,2035,32.31164383561644
CR,INHGLLPG,2036,32.31164383561644
CR,INHGLLPG,2037,32.31164383561644
CR,INHGLLPG,2038,32.31164383561644
CR,INHGLLPG,2039,32.31164383561644
CR,INHGLLPG,2040,32.31164383561644
CR,INHGLLPG,2041,32.31164383561644
CR,INHGLLPG,2042,32.31164383561644
CR,INHGLLPG,2043,32.31164383561644
CR,INHGLLPG,2044,32.31164383561644
CR,INHGLLPG,2045,32.31164383561644
CR,INHGLLPG,2046,32.31164383561644
CR,INHGLLPG,2047,32.31164383561644
CR,INHGLLPG,2048,32.31164383561644
CR,INHGLLPG,2049,32.31164383561644
CR,INHGLLPG,2050,32.31164383561644
CR,INHGLNGS,2018,0.0
CR,INHGLNGS,2019,0.0
CR,INHGLNGS,2020,0.0
CR,INHGLNGS,2021,0.0
CR,INHGLNGS,2022,0.0
CR,INHGLNGS,2023,0.0
CR,INHGLNGS,2024,0.0
CR,INHGLNGS,2025,0.0
CR,INHGLNGS,2026,0.0
CR,INHGLNGS,2027,0.0
CR,INHGLNGS,2028,0.0
CR,INHGLNGS,2029,0.0
CR,INHGLNGS,2030,0.0
CR,INHGLNGS,2031,0.0
CR,INHGLNGS,2032,0.0
CR,INHGLNGS,2033,0.0
CR,INHGLNGS,2034,0.0
CR,INHGLNGS,2035,0.0
CR,INHGLNGS,2036,0.0
CR,INHGLNGS,2037,0.0
CR,INHGLNGS,2038,0.0
CR,INHGLNGS,2039,0.0
CR,INHGLNGS,2040,0.0
CR,INHGLNGS,2041,0.0
CR,INHGLNGS,2042,0.0
CR,INHGLNGS,2043,0.0
CR,INHGLNGS,2044,0.0
CR,INHGLNGS,2045,0.0
CR,INHGLNGS,2046,0.0
CR,INHGLNGS,2047,0.0
CR,INHGLNGS,2048,0.0
CR,INHGLNGS,2049,0.0
CR,INHGLNGS,2050,0.0
CR,INLTRDSL,2018,0.0004075342465753424
CR,INLTRDSL,2019,0.0004107686453576864
CR,INLTRDSL,2020,0.00042370624048706243
CR,INLTRDSL,2021,0.00046575342465753425
CR,INLTRDSL,2022,0.0004883942161339422
CR,INLTRDSL,2023,0.0005013318112633181
CR,INLTRDSL,2024,0.00051103500761035
CR,INLTRDSL,2025,0.0005207382039573821
CR,INLTRDSL,2026,0.000533675799086758
CR,INLTRDSL,2027,0.0005433789954337899
CR,INLTRDSL,2028,0.0005563165905631658
CR,INLTRDSL,2029,0.0005692541856925419
CR,INLTRDSL,2030,0.0005789573820395738
CR,INLTRDSL,2031,0.0005918949771689497
CR,INLTRDSL,2032,0.0006048325722983258
CR,INLTRDSL,2033,0.0006177701674277016
CR,INLTRDSL,2034,0.0006307077625570776
CR,INLTRDSL,2035,0.0006436453576864536
CR,INLTRDSL,2036,0.0006598173515981736
CR,INLTRDSL,2037,0.0006727549467275495
CR,INLTRDSL,2038,0.0006856925418569253
CR,INLTRDSL,2039,0.0007018645357686453
CR,INLTRDSL,2040,0.0007148021308980213
CR,INLTRDSL,2041,0.0007309741248097411
CR,INLTRDSL,2042,0.0007471461187214611
CR,INLTRDSL,2043,0.0007633181126331811
CR,INLTRDSL,2044,0.000779490106544901
CR,INLTRDSL,2045,0.000795662100456621
CR,INLTRDSL,2046,0.0008118340943683409
CR,INLTRDSL,2047,0.0008312404870624049
CR,INLTRDSL,2048,0.0008474124809741249
CR,INLTRDSL,2049,0.0008668188736681887
CR,INLTRDSL,2050,0.0008862252663622527
CR,INLTRELE,2018,32.31164383561644
CR,INLTRELE,2019,32.31164383561644
CR,INLTRELE,2020,32.31164383561644
CR,INLTRELE,2021,32.31164383561644
CR,INLTRELE,2022,32.31164383561644
CR,INLTRELE,2023,32.31164383561644
CR,INLTRELE,2024,32.31164383561644
CR,INLTRELE,2025,32.31164383561644
CR,INLTRELE,2026,32.31164383561644
CR,INLTRELE,2027,32.31164383561644
CR,INLTRELE,2028,32.31164383561644
CR,INLTRELE,2029,32.31164383561644
CR,INLTRELE,2030,32.31164383561644
CR,INLTRELE,2031,32.31164383561644
CR,INLTRELE,2032,32.31164383561644
CR,INLTRELE,2033,32.31164383561644
CR,INLTRELE,2034,32.31164383561644
CR,INLTRELE,2035,32.31164383561644
CR,INLTRELE,2036,32.31164383561644
CR,INLTRELE,2037,32.31164383561644
CR,INLTRELE,2038,32.31164383561644
CR,INLTRELE,2039,32.31164383561644
CR,INLTRELE,2040,32.31164383561644
CR,INLTRELE,2041,32.31164383561644
CR,INLTRELE,2042,32.31164383561644
CR,INLTRELE,2043,32.31164383561644
CR,INLTRELE,2044,32.31164383561644
CR,INLTRELE,2045,32.31164383561644
CR,INLTRELE,2046,32.31164383561644
CR,INLTRELE,2047,32.31164383561644
CR,INLTRELE,2048,32.31164383561644
CR,INLTRELE,2049,32.31164383561644
CR,INLTRELE,2050,32.31164383561644
CR,INLTRLPG,2018,0.0002
CR,INLTRLPG,2019,0.0002
CR,INLTRLPG,2020,0.00020646879756468797
CR,INLTRLPG,2021,0.0002258751902587519
CR,INLTRLPG,2022,0.00023557838660578386
CR,INLTRLPG,2023,0.00024204718417047182
CR,INLTRLPG,2024,0.0002452815829528159
CR,INLTRLPG,2025,0.0002517503805175038
CR,INLTRLPG,2026,0.0002549847792998478
CR,INLTRLPG,2027,0.00026145357686453577
CR,INLTRLPG,2028,0.0002679223744292237
CR,INLTRLPG,2029,0.00027115677321156773
CR,INLTRLPG,2030,0.00027762557077625567
CR,INLTRLPG,2031,0.0002840943683409437
CR,INLTRLPG,2032,0.00029056316590563166
CR,INLTRLPG,2033,0.00029379756468797557
CR,INLTRLPG,2034,0.0003002663622526636
CR,INLTRLPG,2035,0.00030673515981735156
CR,INLTRLPG,2036,0.0003132039573820395
CR,INLTRLPG,2037,0.00031967275494672754
CR,INLTRLPG,2038,0.0003261415525114155
CR,INLTRLPG,2039,0.0003326103500761034
CR,INLTRLPG,2040,0.0003423135464231355
CR,INLTRLPG,2041,0.0003487823439878234
CR,INLTRLPG,2042,0.00035525114155251136
CR,INLTRLPG,2043,0.0003617199391171994
CR,INLTRLPG,2044,0.00037142313546423137
CR,INLTRLPG,2045,0.0003778919330289193
CR,INLTRLPG,2046,0.00038436073059360735
CR,INLTRLPG,2047,0.0003940639269406393
CR,INLTRLPG,2048,0.00040053272450532725
CR,INLTRLPG,2049,0.0004102359208523592
CR,INLTRLPG,2050,0.0004199391171993912
CR,INOPGBIO,2018,0.1432
CR,INOPGBIO,2019,0.1438468797564688
CR,INOPGBIO,2020,0.14803542617960425
CR,INOPGBIO,2021,0.16115738203957383
CR,INOPGBIO,2022,0.16918192541856925
CR,INOPGBIO,2023,0.17258451293759514
CR,INOPGBIO,2024,0.1760614916286149
CR,INOPGBIO,2025,0.17961609589041094
CR,INOPGBIO,2026,0.18324509132420091
CR,INOPGBIO,2027,0.1869517123287671
CR,INOPGBIO,2028,0.19073595890410955
CR,INOPGBIO,2029,0.19460753424657531
CR,INOPGBIO,2030,0.19855673515981737
CR,INOPGBIO,2031,0.202596499238965
CR,INOPGBIO,2032,0.20672035768645358
CR,INOPGBIO,2033,0.21093154490106547
CR,INOPGBIO,2034,0.21523652968036527
CR,INOPGBIO,2035,0.2196353120243531
CR,INOPGBIO,2036,0.22412465753424657
CR,INOPGBIO,2037,0.22871426940639267
CR,INOPGBIO,2038,0.23340414764079148
CR,INOPGBIO,2039,0.23819105783866057
CR,INOPGBIO,2040,0.243084703196347
CR,INOPGBIO,2041,0.2480818493150685
CR,INOPGBIO,2042,0.2531857305936073
CR,INOPGBIO,2043,0.2584028158295282
CR,INOPGBIO,2044,0.2637298706240487
CR,INOPGBIO,2045,0.2691733637747336
CR,INOPGBIO,2046,0.27473329528158297
CR,INOPGBIO,2047,0.28041289954337895
CR,INOPGBIO,2048,0.2862154109589041
CR,INOPGBIO,2049,0.2921440639269406
CR,INOPGBIO,2050,0.29820209284627097
CR,INOPGDSL,2018,0.0419
CR,INOPGDSL,2019,0.04208759512937595
CR,INOPGDSL,2020,0.04331019786910198
CR,INOPGDSL,2021,0.047139726027397265
CR,INOPGDSL,2022,0.049487899543379
CR,INOPGDSL,2023,0.05044528158295281
CR,INOPGDSL,2024,0.0514220700152207
CR,INOPGDSL,2025,0.05242149923896499
CR,INOPGDSL,2026,0.053440334855403344
CR,INOPGDSL,2027,0.05447857686453576
CR,INOPGDSL,2028,0.05553945966514459
CR,INOPGDSL,2029,0.05662298325722983
CR,INOPGDSL,2030,0.05772914764079148
CR,INOPGDSL,2031,0.05885795281582953
CR,INOPGDSL,2032,0.06000939878234399
CR,INOPGDSL,2033,0.061186719939117194
CR,INOPGDSL,2034,0.06238668188736681
CR,INOPGDSL,2035,0.0636125190258752
CR,INOPGDSL,2036,0.06486423135464231
CR,INOPGDSL,2037,0.06614181887366818
CR,INOPGDSL,2038,0.06744204718417046
CR,INOPGDSL,2039,0.06877461948249619
CR,INOPGDSL,2040,0.07013306697108068
CR,INOPGDSL,2041,0.07151738964992388
CR,INOPGDSL,2042,0.07293082191780823
CR,INOPGDSL,2043,0.07437659817351597
CR,INOPGDSL,2044,0.07585148401826483
CR,INOPGDSL,2045,0.07735547945205479
CR,INOPGDSL,2046,0.07888858447488584
CR,INOPGDSL,2047,0.0804572678843227
CR,INOPGDSL,2048,0.08205829528158295
CR,INOPGDSL,2049,0.08369166666666666
CR,INOPGDSL,2050,0.08535738203957383
CR,INOPGELE,2018,0.0
CR,INOPGELE,2019,0.0
CR,INOPGELE,2020,0.0
CR,INOPGELE,2021,0.0
CR,INOPGELE,2022,0.0
CR,INOPGELE,2023,0.0
CR,INOPGELE,2024,0.0
CR,INOPGELE,2025,0.0
CR,INOPGELE,2026,0.0
CR,INOPGELE,2027,0.0
CR,INOPGELE,2028,0.0
CR,INOPGELE,2029,0.0
CR,INOPGELE,2030,0.0
CR,INOPGELE,2031,0.0
CR,INOPGELE,2032,0.0
CR,INOPGELE,2033,0.0
CR,INOPGELE,2034,0.0
CR,INOPGELE,2035,0.0
CR,INOPGELE,2036,0.0
CR,INOPGELE,2037,0.0
CR,INOPGELE,2038,0.0
CR,INOPGELE,2039,0.0
CR,INOPGELE,2040,0.0
CR,INOPGELE,2041,0.0
CR,INOPGELE,2042,0.0
CR,INOPGELE,2043,0.0
CR,INOPGELE,2044,0.0
CR,INOPGELE,2045,0.0
CR,INOPGELE,2046,0.0
CR,INOPGELE,2047,0.0
CR,INOPGELE,2048,0.0
CR,INOPGELE,2049,0.0
CR,INOPGELE,2050,0.0
CR,INOPGLPG,2018,32.31164383561644
CR,INOPGLPG,2019,32.31164383561644
CR,INOPGLPG,2020,32.31164383561644
CR,INOPGLPG,2021,32.31164383561644
CR,INOPGLPG,2022,32.31164383561644
CR,INOPGLPG,2023,32.31164383561644
CR,INOPGLPG,2024,32.31164383561644
CR,INOPGLPG,2025,32.31164383561644
CR,INOPGLPG,2026,32.31164383561644
CR,INOPGLPG,2027,32.31164383561644
CR,INOPGLPG,2028,32.31164383561644
CR,INOPGLPG,2029,32.31164383561644
CR,INOPGLPG,2030,32.31164383561644
CR,INOPGLPG,2031,32.31164383561644
CR,INOPGLPG,2032,32.31164383561644
CR,INOPGLPG,2033,32.31164383561644
CR,INOPGLPG,2034,32.31164383561644
CR,INOPGLPG,2035,32.31164383561644
CR,INOPGLPG,2036,32.31164383561644
CR,INOPGLPG,2037,32.31164383561644
CR,INOPGLPG,2038,32.31164383561644
CR,INOPGLPG,2039,32.31164383561644
CR,INOPGLPG,2040,32.31164383561644
CR,INOPGLPG,2041,32.31164383561644
CR,INOPGLPG,2042,32.31164383561644
CR,INOPGLPG,2043,32.31164383561644
CR,INOPGLPG,2044,32.31164383561644
CR,INOPGLPG,2045,32.31164383561644
CR,INOPGLPG,2046,32.31164383561644
CR,INOPGLPG,2047,32.31164383561644
CR,INOPGLPG,2048,32.31164383561644
CR,INOPGLPG,2049,32.31164383561644
CR,INOPGLPG,2050,32.31164383561644
